{"ts": 1787115614.611722, "user": ":=)", "text": "Q21. Algebra: Solve for y: -1 + -2y = 7", "context": "+BlackMetal+"}
{"ts": 1787115614.7268817, "user": ":=)", "text": "Hint1: -*", "context": "+BlackMetal+"}
{"ts": 1787115801.5025384, "user": "Birex", "text": "está ouvindo: D-Devils - Judgement Day", "context": "Brasil"}
{"ts": 1787115963.0499113, "user": "augmental", "text": "jumps off skyscraper", "context": "+BlackMetal+"}
{"ts": 1787115976.9243784, "user": "augmental", "text": "lives", "context": "+BlackMetal+"}
{"ts": 1787116003.3057313, "user": "Birex", "text": "está ouvindo: Who Da Funk - Shiny Disco Balls", "context": "Brasil"}
{"ts": 1787116006.4310246, "user": "augmental", "text": "crosses fingers no power outage", "context": "+BlackMetal+"}
{"ts": 1787116194.5871434, "user": "Birex", "text": "está ouvindo: De La Cruz Feat. Taleesa - In My Mind", "context": "Brasil"}
{"ts": 1787116508.9634264, "user": "emPathetic", "text": "⛤ is currently barking at ↳Ray Volpe ╼ What You Need ┅ Afterlife Vol. 2 ↴ ⛤", "context": "! ! LGBTQ+ ! !"}
{"ts": 1787116513.2894592, "user": "Birex", "text": "está ouvindo: Lighthouse Family - Loving Every Minute", "context": "Brasil"}
{"ts": 1787116523.7809298, "user": "Microlax", "text": "dans ton café", "context": "#La France"}
{"ts": 1787116672.6061056, "user": "emPathetic", "text": "wooshes us to narnia", "context": "queer quiet corner"}
{"ts": 1787116683.734552, "user": "emPathetic", "text": "⛤ is currently barking at ↳Ganja White Night ╼ Wonky ┅ Wonky ↴ ⛤", "context": "! ! LGBTQ+ ! !"}
{"ts": 1787116684.13067, "user": "CACA/VA 4 BRAINZ!", "text": "------------> CaCa !!!", "context": "indie"}
{"ts": 1787116979.9788837, "user": "CeCe", "text": "words from  Indie chatroom on slsk is LAW", "context": "indie"}
{"ts": 1787117001.494473, "user": "Birex", "text": "está ouvindo: Binary Finary - 1998 (Radio Edit)", "context": "Brasil"}
{"ts": 1787117254.1146235, "user": "Birex", "text": "está ouvindo: Stryper - I Believe In You", "context": "Brasil"}
{"ts": 1787117437.6211262, "user": "the organium", "text": "slides beer to wasto", "context": "+BlackMetal+"}
{"ts": 1787117446.4313745, "user": "Birex", "text": "está ouvindo: 2 Unlimited - The Power Age", "context": "Brasil"}
{"ts": 1787117487.3772168, "user": "augmental", "text": "cheers", "context": "+BlackMetal+"}
{"ts": 1787117533.1989846, "user": "CeCe", "text": "LEST NOT JUDGE A MAN BY THE COLOR OF HIS SKIN.... BUT RATHER FOR THE CONTENTS OF HIS CHARACTER", "context": "indie"}
{"ts": 1787117685.4336522, "user": "Birex", "text": "está ouvindo: Brenda Russell - Piano In The Dark", "context": "Brasil"}
{"ts": 1787117798.8471408, "user": "the organium", "text": "Sounds of :  𝘿𝙚 𝙋𝙧𝙚𝙨𝙨 - 𝙇𝙖𝙧𝙨 𝙃𝙚𝙧𝙩𝙚𝙧𝙫𝙞𝙜  : ₙₒᵂ ᶠᵢₗₗ ₜₕₑ ₐᵢᵣ", "context": "+BlackMetal+"}
{"ts": 1787117860.654734, "user": "augmental", "text": "puts poison ivy in the bong", "context": "+BlackMetal+"}
{"ts": 1787118165.970309, "user": "the organium", "text": "Sounds of :  𝘿𝙚 𝙋𝙧𝙚𝙨𝙨 - 𝘾𝙖𝙠𝙚  : ₙₒᵂ ᶠᵢₗₗ ₜₕₑ ₐᵢᵣ", "context": "+BlackMetal+"}
{"ts": 1787118251.1295063, "user": "Birex", "text": "está ouvindo: Magic Box - If You", "context": "Brasil"}
{"ts": 1787118317.8687258, "user": "Alienware", "text": "np bob dominator  - i win to this song", "context": "food"}
{"ts": 1787118318.9118454, "user": "CeCe", "text": "scremmmmm", "context": "indie"}
{"ts": 1787118332.1807156, "user": "the organium", "text": "Sounds of :  𝘿𝙚 𝙋𝙧𝙚𝙨𝙨 - 𝙏𝙤𝙩𝙖𝙡 𝘾𝙤𝙧𝙧𝙪𝙥𝙩𝙞𝙤𝙣  : ₙₒᵂ ᶠᵢₗₗ ₜₕₑ ₐᵢᵣ", "context": "+BlackMetal+"}
{"ts": 1787118347.0658202, "user": "CeCe", "text": "all right here - tim fite", "context": "food"}
{"ts": 1787118427.4296458, "user": "Alienware", "text": "bob dominator  - i win to this song", "context": "THC"}
{"ts": 1787118452.412496, "user": "Alienware", "text": "bob dominator  - i win to this song", "context": "MOVIES"}
{"ts": 1787118452.659961, "user": "Birex", "text": "está ouvindo: Magic Affair - Carry On (Extended Mix)", "context": "Brasil"}
{"ts": 1787118642.7291663, "user": "hyp3rvigilant", "text": "makes farting sounds", "context": "+BlackMetal+"}
{"ts": 1787118742.4851646, "user": "the organium", "text": "Sounds of :  𝘿𝙚 𝙋𝙧𝙚𝙨𝙨 - 𝙆𝙞𝙨𝙨 𝙈𝙚 𝙍𝙪𝙨𝙨𝙞𝙖  : ₙₒᵂ ᶠᵢₗₗ ₜₕₑ ₐᵢᵣ", "context": "+BlackMetal+"}
{"ts": 1787118742.6939611, "user": "hyp3rvigilant", "text": "claps slowly", "context": "+BlackMetal+"}
{"ts": 1787118813.3784432, "user": "Birex", "text": "está ouvindo: Cappella - Helyom Halib", "context": "Brasil"}
{"ts": 1787118949.632957, "user": "the organium", "text": "* Vrangsinn - Living The Eternal Yesterday", "context": "+BlackMetal+"}
{"ts": 1787119035.1073232, "user": "Birex", "text": "está ouvindo: Shabba Ranks - Mr. Loverman", "context": "Brasil"}
{"ts": 1787119047.8039472, "user": "augmental", "text": "blows whistle", "context": "+BlackMetal+"}
{"ts": 1787119371.5963304, "user": "Birex", "text": "está ouvindo: Soundtronic - We Can Fly", "context": "Brasil"}
{"ts": 1787119583.1482139, "user": "Birex", "text": "está ouvindo: I For U - Passion (Radio Edit)", "context": "Brasil"}
{"ts": 1787119795.2751775, "user": "Birex", "text": "está ouvindo: Cardenia - Living On Video (Hyper Space Mix)", "context": "Brasil"}
{"ts": 1787119932.349754, "user": "augmental", "text": "runs to the forest", "context": "+BlackMetal+"}
{"ts": 1787120149.1084743, "user": "Birex", "text": "está ouvindo: The Beatles - Something", "context": "Brasil"}
{"ts": 1787120328.2518005, "user": "Birex", "text": "está ouvindo: Regina - Baby Love", "context": "Brasil"}
{"ts": 1787120554.912936, "user": ":=)", "text": "Q1. What Is Foghorn Leghorn's Favourite Song?", "context": "+BlackMetal+"}
{"ts": 1787120555.068955, "user": ":=)", "text": "Hint1: ******** *****", "context": "+BlackMetal+"}
{"ts": 1787120569.6802251, "user": ":=)", "text": "Hint2: C******* R****", "context": "+BlackMetal+"}
{"ts": 1787120587.9410665, "user": "CeCe", "text": "sick ass beat", "context": "indie"}
{"ts": 1787120601.895671, "user": ":=)", "text": "Q2. UnScramble This Word: s d s t i e n ?", "context": "+BlackMetal+"}
{"ts": 1787120602.055658, "user": ":=)", "text": "Hint1: *******", "context": "+BlackMetal+"}
{"ts": 1787120616.8968468, "user": ":=)", "text": "Hint2: *i**e**", "context": "+BlackMetal+"}
{"ts": 1787120632.1246529, "user": ":=)", "text": "Hint3: Di**e**", "context": "+BlackMetal+"}
{"ts": 1787120665.407294, "user": ":=)", "text": "Q3. Animals: What Animals Flesh, When Sun-Dried In The Andes, Becomes A Jerky Called Charqui?", "context": "+BlackMetal+"}
{"ts": 1787120665.6747699, "user": ":=)", "text": "Hint1: * *****", "context": "+BlackMetal+"}
{"ts": 1787120680.336997, "user": ":=)", "text": "Hint2: A L****", "context": "+BlackMetal+"}
{"ts": 1787120710.3400216, "user": ":=)", "text": "Q4. What Sport Does Jan Ullrich Compete In?", "context": "+BlackMetal+"}
{"ts": 1787120710.545405, "user": ":=)", "text": "Hint1: *******", "context": "+BlackMetal+"}
{"ts": 1787120725.7502108, "user": ":=)", "text": "Hint2: Cy*****", "context": "+BlackMetal+"}
{"ts": 1787120751.779612, "user": ":=)", "text": "Q5. Music: The Rolling Stones' Lips And Tongue Logo Was Inspired By The Mouth Of Which Band Member?", "context": "+BlackMetal+"}
{"ts": 1787120752.0088203, "user": ":=)", "text": "Hint1: **** ******", "context": "+BlackMetal+"}
{"ts": 1787120778.469222, "user": "Birex", "text": "está ouvindo: Bob Sinclar & Cutee B Feat. Big Ali & Dollarman - Rock This Party (Ibiza Remix)", "context": "Brasil"}
{"ts": 1787120784.452862, "user": ":=)", "text": "Q6. REMEMBERING THE ALAMO: Like the city where it's located, the mission was originally named in part for this man of Padua ?", "context": "+BlackMetal+"}
{"ts": 1787120784.8703358, "user": ":=)", "text": "Hint1: *** *******", "context": "+BlackMetal+"}
{"ts": 1787120800.0556428, "user": ":=)", "text": "Hint2: San *******", "context": "+BlackMetal+"}
{"ts": 1787120827.7278714, "user": ":=)", "text": "Q7. Julius Caesar: What Is Brutus's Flaw In The Play?", "context": "+BlackMetal+"}
{"ts": 1787120827.968572, "user": ":=)", "text": "Hint1: *****", "context": "+BlackMetal+"}
{"ts": 1787120843.197986, "user": ":=)", "text": "Hint2: n****", "context": "+BlackMetal+"}
{"ts": 1787120857.981299, "user": ":=)", "text": "Hint3: nai*e", "context": "+BlackMetal+"}
{"ts": 1787120883.8751478, "user": ":=)", "text": "Q8. KAOS: UnScramble This Word: v e s e s r \"3 Answers!\"", "context": "+BlackMetal+"}
{"ts": 1787120884.214075, "user": ":=)", "text": "Hint1: ****** | ****** | ******", "context": "+BlackMetal+"}
{"ts": 1787120900.35557, "user": ":=)", "text": "Hint2: S***** | S***** | V*****", "context": "+BlackMetal+"}
{"ts": 1787120923.5913296, "user": ":=)", "text": "Q9. Which U.S. president is on the five-dollar bill?", "context": "+BlackMetal+"}
{"ts": 1787120923.9736323, "user": ":=)", "text": "Hint1: ******* *******", "context": "+BlackMetal+"}
{"ts": 1787120954.4048102, "user": ":=)", "text": "Q10. Who Became The King Of Jordan In 1952?", "context": "+BlackMetal+"}
{"ts": 1787120954.7109616, "user": ":=)", "text": "Hint1: *******", "context": "+BlackMetal+"}
{"ts": 1787120966.2980025, "user": ":=)", "text": "Hint2: Hu*****", "context": "+BlackMetal+"}
{"ts": 1787120981.3585446, "user": ":=)", "text": "Hint3: Hu**ei*", "context": "+BlackMetal+"}
{"ts": 1787121021.8146884, "user": ":=)", "text": "Q11. Food & drink: What type of pastry is used to make croissants?", "context": "+BlackMetal+"}
{"ts": 1787121023.966846, "user": ":=)", "text": "Hint1: **** ******", "context": "+BlackMetal+"}
{"ts": 1787121054.5934913, "user": "Birex", "text": "está ouvindo: Afrika Bambaataa - Just Get Up And Dance (Club Mix)", "context": "Brasil"}
{"ts": 1787121055.9605312, "user": ":=)", "text": "Q12. UnScramble This Word: r t y i t e m e ?", "context": "+BlackMetal+"}
{"ts": 1787121056.2515008, "user": ":=)", "text": "Hint1: ********", "context": "+BlackMetal+"}
{"ts": 1787121071.645112, "user": ":=)", "text": "Hint2: *e*e*i**", "context": "+BlackMetal+"}
{"ts": 1787121086.4004195, "user": ":=)", "text": "Hint3: Te*e*i**", "context": "+BlackMetal+"}
{"ts": 1787121126.0557845, "user": ":=)", "text": "Q13. UnScramble This Word: l i m c a e f ?", "context": "+BlackMetal+"}
{"ts": 1787121126.5628166, "user": ":=)", "text": "Hint1: *******", "context": "+BlackMetal+"}
{"ts": 1787121141.0926578, "user": ":=)", "text": "Hint2: Ma*****", "context": "+BlackMetal+"}
{"ts": 1787121156.0515535, "user": ":=)", "text": "Hint3: Ma*e*i*", "context": "+BlackMetal+"}
{"ts": 1787121191.787176, "user": ":=)", "text": "Q14. What Seinfeld Character Takes Off His Shirt During Visits To The Toilet?", "context": "+BlackMetal+"}
{"ts": 1787121191.8679857, "user": ":=)", "text": "Hint1: ****** ********", "context": "+BlackMetal+"}
{"ts": 1787121225.5981681, "user": ":=)", "text": "Q15. INVENTORS: In the 18th century he wrote, \"I have only to move my eyes up or down... to see distinctly far or near\" ?", "context": "+BlackMetal+"}
{"ts": 1787121225.6752846, "user": ":=)", "text": "Hint1: ******** ********", "context": "+BlackMetal+"}
{"ts": 1787121248.2832377, "user": "the organium", "text": "bows", "context": "+BlackMetal+"}
{"ts": 1787121258.7983224, "user": ":=)", "text": "Q16. NUCLEAR ENERGY: In one type of fusion reactor, laser beams heat deuterium & tritium to create this fourth state of matter ?", "context": "+BlackMetal+"}
{"ts": 1787121259.1112034, "user": ":=)", "text": "Hint1: ******", "context": "+BlackMetal+"}
{"ts": 1787121289.5929756, "user": ":=)", "text": "Q17. Algebra: Solve for y: 2(y + -6) = -8", "context": "+BlackMetal+"}
{"ts": 1787121290.0210936, "user": ":=)", "text": "Hint1: *", "context": "+BlackMetal+"}
{"ts": 1787121304.5753472, "user": ":=)", "text": "Hint2: *", "context": "+BlackMetal+"}
{"ts": 1787121327.3889112, "user": ":=)", "text": "Q18. KAOS: UnScramble This Word: r f d e o t e s \"3 Answers!\"", "context": "+BlackMetal+"}
{"ts": 1787121328.0521653, "user": ":=)", "text": "Hint1: ******** | ******** | ********", "context": "+BlackMetal+"}
{"ts": 1787121343.0682817, "user": ":=)", "text": "Hint2: *e*o*e** | *o*e**e* | *o**e*e*", "context": "+BlackMetal+"}
{"ts": 1787121357.8419867, "user": ":=)", "text": "Hint3: De*o*e** | Fo*e**e* | Fo**e*e*", "context": "+BlackMetal+"}
{"ts": 1787121397.3958383, "user": ":=)", "text": "Q19. SCIENCE: This Italian developed an early battery, or pile, while professor of physics at Pavia University ?", "context": "+BlackMetal+"}
{"ts": 1787121397.6774197, "user": ":=)", "text": "Hint1: ********** *****", "context": "+BlackMetal+"}
{"ts": 1787121411.0121756, "user": "Birex", "text": "está ouvindo: Two Sweet - So Lovely", "context": "Brasil"}
{"ts": 1787121412.5161705, "user": ":=)", "text": "Hint2: Ale******* *****", "context": "+BlackMetal+"}
{"ts": 1787121427.652866, "user": ":=)", "text": "Hint3: Ale**a***o *o**a", "context": "+BlackMetal+"}
{"ts": 1787121468.1098132, "user": ":=)", "text": "Q20. The Willets, The Vardens and The Chesters are all families that appear in which Charles Dickens novel?", "context": "+BlackMetal+"}
{"ts": 1787121469.7089038, "user": ":=)", "text": "Hint1: ******* *****", "context": "+BlackMetal+"}
{"ts": 1787121482.4990866, "user": ":=)", "text": "Hint2: BAR**** *****", "context": "+BlackMetal+"}
{"ts": 1787121497.9764416, "user": ":=)", "text": "Hint3: BAR*A** *U**E", "context": "+BlackMetal+"}
{"ts": 1787121537.458302, "user": ":=)", "text": "Q21. What was Western showman William Cody better known as?", "context": "+BlackMetal+"}
{"ts": 1787121538.5303082, "user": ":=)", "text": "Hint1: ******* ****", "context": "+BlackMetal+"}
{"ts": 1787121566.7895226, "user": ":=)", "text": "Q22. PHILOSOPHERS: This 20th century German wondered about the nature of being in works like \"Being and Time\" ?", "context": "+BlackMetal+"}
{"ts": 1787121567.1223943, "user": ":=)", "text": "Hint1: ****** *********", "context": "+BlackMetal+"}
{"ts": 1787121581.9330719, "user": ":=)", "text": "Hint2: *a**i* *ei*e**e*", "context": "+BlackMetal+"}
{"ts": 1787123618.8872862, "user": "Birex", "text": "está ouvindo: Inner City - Big Fun", "context": "Brasil"}
{"ts": 1787123677.7182207, "user": "reZa", "text": "rips his first cone of a new strain", "context": "+BlackMetal+"}
{"ts": 1787123822.8349433, "user": "Birex", "text": "está ouvindo: Dr. Alban - U & Mi", "context": "Brasil"}
{"ts": 1787124048.3860848, "user": "Birex", "text": "está ouvindo: Yves Larock Feat. Jaba - Rise Up", "context": "Brasil"}
{"ts": 1787124251.1654294, "user": "Birex", "text": "está ouvindo: Nena - 99 Luftballons", "context": "Brasil"}
{"ts": 1787124300.4528236, "user": "kiquja", "text": "is meowing to the tune of \"This Place Is Death\" by \"Deftones\" 𑙙^•⩊•^≼", "self": true, "context": "! ! LGBTQ+ ! !"}
{"ts": 1787124345.7458568, "user": "reZa", "text": "clicks", "context": "indie"}
{"ts": 1787124483.0015707, "user": "Birex", "text": "está ouvindo: Patrick Swayze Feat. Wendy Fraser - She's Like The Wind", "context": "Brasil"}
{"ts": 1787124488.3359609, "user": ":=)", "text": "Q1. Dictagrams: i t m i e c m -- adj. Imitative.", "context": "+BlackMetal+"}
{"ts": 1787124488.503315, "user": ":=)", "text": "Hint1: *******", "context": "+BlackMetal+"}
{"ts": 1787124502.7933414, "user": ":=)", "text": "Hint2: *i*e*i*", "context": "+BlackMetal+"}
{"ts": 1787124531.193556, "user": ":=)", "text": "Q2. The Highest Point In Malawi Lies In What Southeastern Mountains?", "context": "+BlackMetal+"}
{"ts": 1787124531.3742068, "user": ":=)", "text": "Hint1: ****** *********", "context": "+BlackMetal+"}
{"ts": 1787124546.1644418, "user": ":=)", "text": "Hint2: **a**e *ou**ai**", "context": "+BlackMetal+"}
{"ts": 1787124561.0569441, "user": ":=)", "text": "Hint3: M*a**e Mou**ai**", "context": "+BlackMetal+"}
{"ts": 1787124601.350826, "user": ":=)", "text": "Q3. THE ELEMENTS: This other name for mercury includes the name of a different element ?", "context": "+BlackMetal+"}
{"ts": 1787124601.54715, "user": ":=)", "text": "Hint1: ***********", "context": "+BlackMetal+"}
{"ts": 1787124617.294866, "user": ":=)", "text": "Hint2: q**********", "context": "+BlackMetal+"}
{"ts": 1787124631.880115, "user": ":=)", "text": "Hint3: qui***i**e*", "context": "+BlackMetal+"}
{"ts": 1787124664.4481628, "user": ":=)", "text": "Q4. DIRECTORS ACTING: This Munich-born documentary & film legend played Keg Jeggings on \"Parks & Rec\" & voiced Shrimply Pibbles on \"Rick & Morty\" ?", "context": "+BlackMetal+"}
{"ts": 1787124664.7202885, "user": ":=)", "text": "Hint1: ******", "context": "+BlackMetal+"}
{"ts": 1787124679.3332095, "user": ":=)", "text": "Hint2: H*****", "context": "+BlackMetal+"}
{"ts": 1787124694.8174226, "user": ":=)", "text": "Hint3: He**o*", "context": "+BlackMetal+"}
{"ts": 1787124714.4317067, "user": "Birex", "text": "está ouvindo: Kaliya - Ritual Tibetan (Gigi D'Agostino Remix)", "context": "Brasil"}
{"ts": 1787124731.8613527, "user": ":=)", "text": "Q5. Dictagrams: f s c f u -- n. A scurf; a scale.", "context": "+BlackMetal+"}
{"ts": 1787124731.9946094, "user": ":=)", "text": "Hint1: *****", "context": "+BlackMetal+"}
{"ts": 1787124764.8191562, "user": ":=)", "text": "Q6. Whose Fans Wore Lapel Buttons Bearing Saxophones On January 20, 1993?", "context": "+BlackMetal+"}
{"ts": 1787124765.1331334, "user": ":=)", "text": "Hint1: **** *******", "context": "+BlackMetal+"}
{"ts": 1787124797.0509875, "user": ":=)", "text": "Q7. Sport & Leisure: The Queen's Granddaughter, Zara Phillips, Famously Competes In Which Equestrian Sport?", "context": "+BlackMetal+"}
{"ts": 1787124797.3781376, "user": ":=)", "text": "Hint1: ********", "context": "+BlackMetal+"}
{"ts": 1787124812.7138162, "user": ":=)", "text": "Hint2: E*******", "context": "+BlackMetal+"}
{"ts": 1787124827.0631971, "user": ":=)", "text": "Hint3: E*e**i**", "context": "+BlackMetal+"}
{"ts": 1787124867.238862, "user": ":=)", "text": "Q8. KAOS: Washington Dc Memorials And Landmarks \"9 Answers!\"", "context": "+BlackMetal+"}
{"ts": 1787124867.550707, "user": ":=)", "text": "Hint1: ********* ******** ******** | ******* ******** | ********* ******** | ******* ******** | ******** ******** | ******** **** | *********** ********* | ********** ******** | ***** *****", "context": "+BlackMetal+"}
{"ts": 1787124882.069081, "user": ":=)", "text": "Hint2: A******** N******* C******* | C****** B******* | J******** M******* | L****** M******* | N******* A******* | N******* M*** | S********** I******** | W********* M******* | W**** H****", "context": "+BlackMetal+"}
{"ts": 1787124897.174577, "user": ":=)", "text": "Hint3: A**i***o* Na*io*a* Ce*e*e** | Ca*i*o* Bui**i** | Je**e**o* Me*o*ia* | Li**o** Me*o*ia* | Na*io*a* A***i*e* | Na*io*a* Ma** | S*i***o*ia* I***i*u*e | Wa**i***o* Mo*u*e** | W*i*e Hou*e", "context": "+BlackMetal+"}
{"ts": 1787124937.2597854, "user": ":=)", "text": "Q9. Difficult Trivia: Brandon Lee died during the making of which movie?", "context": "+BlackMetal+"}
{"ts": 1787124937.6193802, "user": ":=)", "text": "Hint1: *** ****", "context": "+BlackMetal+"}
{"ts": 1787124964.2323272, "user": ":=)", "text": "Q10. Geography: Brunei Is On Which Island? (a) Hispaniola (b) New Guinea (c) Borneo (d) Java", "context": "+BlackMetal+"}
{"ts": 1787124964.4791658, "user": ":=)", "text": "Hint1: .:[Hidden]:.", "context": "+BlackMetal+"}
{"ts": 1787124998.6371639, "user": ":=)", "text": "Q11. In which city is Temple Mead railway station?", "context": "+BlackMetal+"}
{"ts": 1787124998.8721066, "user": ":=)", "text": "Hint1: *******", "context": "+BlackMetal+"}
{"ts": 1787125013.660646, "user": ":=)", "text": "Hint2: BR*****", "context": "+BlackMetal+"}
{"ts": 1787125042.8720894, "user": ":=)", "text": "Q12. History: 1980s: What Was The Nickname Of The Huge Baliff On Night Court?", "context": "+BlackMetal+"}
{"ts": 1787125043.0671022, "user": ":=)", "text": "Hint1: ****", "context": "+BlackMetal+"}
{"ts": 1787125057.933693, "user": ":=)", "text": "Hint2: B***", "context": "+BlackMetal+"}
{"ts": 1787125072.5757365, "user": ":=)", "text": "Hint3: Bu**", "context": "+BlackMetal+"}
{"ts": 1787125112.6736238, "user": ":=)", "text": "Q13. MUSEUMS OF GERMANY: The Egyptian Museum in Berlin has the world-famous painted bust of this queen & wife of Akhenaton ?", "context": "+BlackMetal+"}
{"ts": 1787125112.874827, "user": ":=)", "text": "Hint1: *********", "context": "+BlackMetal+"}
{"ts": 1787125146.2213085, "user": ":=)", "text": "Q14. UnScramble This Word: n u y n e g p c ?", "context": "+BlackMetal+"}
{"ts": 1787125146.426319, "user": ":=)", "text": "Hint1: ********", "context": "+BlackMetal+"}
{"ts": 1787125159.670076, "user": ":=)", "text": "Hint2: P*******", "context": "+BlackMetal+"}
{"ts": 1787125174.870444, "user": ":=)", "text": "Hint3: Pu**e***", "context": "+BlackMetal+"}
{"ts": 1787125196.4412339, "user": "your.yumia", "text": "is awake", "context": "actually queer people"}
{"ts": 1787125201.9274545, "user": "Birex", "text": "está ouvindo: Derb - Derb", "context": "Brasil"}
{"ts": 1787125215.4274733, "user": ":=)", "text": "Q15. A 1980S BOOKSTORE: Evil is alive & inhabiting a 1958 Plymouth Fury in this Stephen King tale ?", "context": "+BlackMetal+"}
{"ts": 1787125215.6200664, "user": ":=)", "text": "Hint1: *********", "context": "+BlackMetal+"}
{"ts": 1787125230.375918, "user": ":=)", "text": "Hint2: ***i**i*e", "context": "+BlackMetal+"}
{"ts": 1787125264.2573085, "user": ":=)", "text": "Q16. Pop Music: Elvis Presley cut his first single at what Memphis recording studio?", "context": "+BlackMetal+"}
{"ts": 1787125264.4974298, "user": ":=)", "text": "Hint1: *** ******", "context": "+BlackMetal+"}
{"ts": 1787125279.289695, "user": ":=)", "text": "Hint2: *u* **u*io", "context": "+BlackMetal+"}
{"ts": 1787125294.1662326, "user": ":=)", "text": "Hint3: Su* S*u*io", "context": "+BlackMetal+"}
{"ts": 1787125474.5676906, "user": "Birex", "text": "está ouvindo: The Classics IV Feat. Dennis Yost - Traces", "context": "Brasil"}
{"ts": 1787125639.4755828, "user": "Birex", "text": "está ouvindo: Supertramp - My Kind Of Lady", "context": "Brasil"}
{"ts": 1787125948.702911, "user": "Birex", "text": "está ouvindo: Barry White - You're The First, The Last, My Everything", "context": "Brasil"}
{"ts": 1787126220.4053795, "user": "Birex", "text": "está ouvindo: Maria Gadú - Shimbalaiê", "context": "Brasil"}
{"ts": 1787126415.657163, "user": "Birex", "text": "está ouvindo: Dire Straits - Sultans Of Swing", "context": "Brasil"}
{"ts": 1787126761.0916343, "user": "Birex", "text": "está ouvindo: Sex Kraz'd Superstars - Feelin Horney", "context": "Brasil"}
{"ts": 1787127002.625351, "user": "Birex", "text": "está ouvindo: Natiruts - No Mar", "context": "Brasil"}
{"ts": 1787127185.8876932, "user": "Birex", "text": "está ouvindo: Jocelyn Enriquez - Do You Miss Me (Dreamhouse Radio)", "context": "Brasil"}
{"ts": 1787127300.6170397, "user": "Voidling", "text": ":...: That Which I Could Only Sense (Phoenix dub) - YouTube | by The Kumba Mela Experiment - Topic | 4:23 | 159 views | 5 likes | 2025-05-22", "context": "^ILLUMINATI^awareness"}
{"ts": 1787127409.3434856, "user": "Birex", "text": "está ouvindo: Bee Gees - You Win Again", "context": "Brasil"}
{"ts": 1787127650.4265375, "user": "Birex", "text": "está ouvindo: Tetê Espíndola - Escrito Nas Estrelas", "context": "Brasil"}
{"ts": 1787127891.4817789, "user": "Birex", "text": "está ouvindo: Double Trouble & The Rebel MC - Just Keep Rockin'", "context": "Brasil"}
{"ts": 1787127900.3648093, "user": "BLACK_MEDIA_NEWS", "text": "lands", "context": "^ILLUMINATI^awareness"}
{"ts": 1787128363.3823836, "user": "E5FDD609", "text": "pushes wombie into meat grinder", "context": "indie"}
{"ts": 1787128445.696066, "user": "Birex", "text": "está ouvindo: Jocelyn Brown - Somebody Else's Guy", "context": "Brasil"}
{"ts": 1787128828.7508872, "user": "Birex", "text": "está ouvindo: Square Heads - Happy", "context": "Brasil"}
{"ts": 1787129067.4753773, "user": "Birex", "text": "está ouvindo: Kate Bush - Wuthering Heights", "context": "Brasil"}
{"ts": 1787129362.2259722, "user": "Birex", "text": "está ouvindo: Total Bang - Let's Goooooo! (Come On Everybody) (Maxi Klub Mix)", "context": "Brasil"}
{"ts": 1787129415.808603, "user": "krotka", "text": "* Fyl'my | Molchat Doma - Topic | 00:04:18 | http://youtu.be/nVtSBNvAC7w", "context": "#polska"}
{"ts": 1787129668.0316873, "user": "Birex", "text": "está ouvindo: The Prodigy - Firestarter (Radio Edit)", "context": "Brasil"}
{"ts": 1787129892.450508, "user": "Birex", "text": "está ouvindo: Bakerstreet - I Never Break Your Heart", "context": "Brasil"}
{"ts": 1787130141.9454556, "user": "zozke", "text": "sits down quietly in a corner of the bunker", "context": "BLUES BUNKER MUSIC"}
{"ts": 1787130168.3832746, "user": "Birex", "text": "está ouvindo: Altemar Dutra - Brigas", "context": "Brasil"}
{"ts": 1787130347.069307, "user": "Birex", "text": "está ouvindo: Ultraje A Rigor - Todo Mundo Gosta De Mim", "context": "Brasil"}
{"ts": 1787130497.4318838, "user": "Birex", "text": "está ouvindo: Paradisio - Bailando", "context": "Brasil"}
{"ts": 1787130726.9314537, "user": "Birex", "text": "está ouvindo: Christopher Cross - Sailing", "context": "Brasil"}
{"ts": 1787130930.7388034, "user": "uHru6uTop O6paTHoro 3axBaTa", "text": "Episode 166. Gay Easter at the Russian Embassy in Argentina. What to do with LGBT?", "context": "RUSSIA"}
{"ts": 1787130978.6173215, "user": "Birex", "text": "está ouvindo: Engenheiros Do Hawaii - O Papa É Pop (Ao Vivo)", "context": "Brasil"}
{"ts": 1787131184.3361769, "user": "Birex", "text": "está ouvindo: Stefano Secchi Feat. Taleesa - A Brighter Day", "context": "Brasil"}
{"ts": 1787131482.6622949, "user": "krotka", "text": "* Father Of Peace - Persian (Official Music Video) | Father Of Peace | 00:02:14 | http://youtu.be/yEpid5qAWfY", "context": "#polska"}
{"ts": 1787131542.0829976, "user": "Birex", "text": "está ouvindo: Stefano Secchi Feat. Orlando Johnson - Keep On Jammin' (Extended Mix)", "context": "Brasil"}
{"ts": 1787131631.6599889, "user": "krotka", "text": "* Lost Souls | xMOSHLORDx (Feat. Jonathan Vigil) Official Music video | Lost Souls | 00:04:04 | http://youtu.be/oJplC21JNPw", "context": "#polska"}
{"ts": 1787131913.4845157, "user": "Birex", "text": "está ouvindo: Louchie Lou & Michie One - Rich Girl (Ragga Arabe)", "context": "Brasil"}
{"ts": 1787132082.464213, "user": "DawnSky777", "text": "Android Lust - Wicked Days", "context": "+BlackMetal+"}
{"ts": 1787132136.7038271, "user": "Birex", "text": "está ouvindo: Chicago - Hard To Say I'm Sorry", "context": "Brasil"}
{"ts": 1787132165.6075497, "user": "krotka", "text": "* Primus - The Ol’ Grizz (Official Video) | PrimusVEVO | 00:05:31 | http://youtu.be/RE2oERgJkXg", "context": "#polska"}
{"ts": 1787132366.9000034, "user": "Birex", "text": "está ouvindo: B.G. The Prince Of Rap - Round And Round", "context": "Brasil"}
{"ts": 1787132473.7564833, "user": "dj haunted traphouse xiii", "text": "np: Vessels Cast From Crippled Hands - [The Spiderbear Tales (Vessels Cast From Crippled Hands / Destroyer Destroyer), (CDr), 2005] // You Had Me At \"Take This You Filthy Swine!\" (0:17)", "context": "noise"}
{"ts": 1787132480.1872358, "user": "dj haunted traphouse xiii", "text": "np: Vessels Cast From Crippled Hands - [The Spiderbear Tales (Vessels Cast From Crippled Hands / Destroyer Destroyer), (CDr), 2005] // You Had Me At \"Take This You Filthy Swine!\" (0:17)", "context": "+BlackMetal+"}
{"ts": 1787132483.0390608, "user": "dj haunted traphouse xiii", "text": "np: Vessels Cast From Crippled Hands - [The Spiderbear Tales (Vessels Cast From Crippled Hands / Destroyer Destroyer), (CDr), 2005] // You Had Me At \"Take This You Filthy Swine!\" (0:17)", "context": "! ! LGBTQ+ ! !"}
{"ts": 1787132485.8766453, "user": "dj haunted traphouse xiii", "text": "np: Vessels Cast From Crippled Hands - [The Spiderbear Tales (Vessels Cast From Crippled Hands / Destroyer Destroyer), (CDr), 2005] // You Had Me At \"Take This You Filthy Swine!\" (0:17)", "context": "indie"}
{"ts": 1787132501.1680663, "user": "dj haunted traphouse xiii", "text": "np: Vessels Cast From Crippled Hands - [The Spiderbear Tales (Vessels Cast From Crippled Hands / Destroyer Destroyer), (CDr), 2005] // Ladies Drink Free (01:02)", "context": "noise"}
{"ts": 1787132508.1951227, "user": "dj haunted traphouse xiii", "text": "np: Vessels Cast From Crippled Hands - [The Spiderbear Tales (Vessels Cast From Crippled Hands / Destroyer Destroyer), (CDr), 2005] // Ladies Drink Free (01:02)", "context": "+BlackMetal+"}
{"ts": 1787132513.0760581, "user": "dj haunted traphouse xiii", "text": "np: Vessels Cast From Crippled Hands - [The Spiderbear Tales (Vessels Cast From Crippled Hands / Destroyer Destroyer), (CDr), 2005] // Ladies Drink Free (01:02)", "context": "! ! LGBTQ+ ! !"}
{"ts": 1787132515.4467878, "user": "dj haunted traphouse xiii", "text": "np: Vessels Cast From Crippled Hands - [The Spiderbear Tales (Vessels Cast From Crippled Hands / Destroyer Destroyer), (CDr), 2005] // Ladies Drink Free (01:02)", "context": "indie"}
{"ts": 1787132583.8811529, "user": "dj haunted traphouse xiii", "text": "np: Vessels Cast From Crippled Hands - [The Spiderbear Tales (Vessels Cast From Crippled Hands / Destroyer Destroyer), (CDr), 2005] // I Would Wipe The Sweat From My Brow If I Wasn't Nailed To This Here Cross (0:38)", "context": "noise"}
{"ts": 1787132589.740117, "user": "dj haunted traphouse xiii", "text": "np: Vessels Cast From Crippled Hands - [The Spiderbear Tales (Vessels Cast From Crippled Hands / Destroyer Destroyer), (CDr), 2005] // I Would Wipe The Sweat From My Brow If I Wasn't Nailed To This Here Cross (0:38)", "context": "+BlackMetal+"}
{"ts": 1787132596.8221402, "user": "dj haunted traphouse xiii", "text": "np: Vessels Cast From Crippled Hands - [The Spiderbear Tales (Vessels Cast From Crippled Hands / Destroyer Destroyer), (CDr), 2005] // I Would Wipe The Sweat From My Brow If I Wasn't Nailed To This Here Cross (0:38)", "context": "! ! LGBTQ+ ! !"}
{"ts": 1787132599.8732467, "user": "dj haunted traphouse xiii", "text": "np: Vessels Cast From Crippled Hands - [The Spiderbear Tales (Vessels Cast From Crippled Hands / Destroyer Destroyer), (CDr), 2005] // I Would Wipe The Sweat From My Brow If I Wasn't Nailed To This Here Cross (0:38)", "context": "indie"}
{"ts": 1787132641.5456784, "user": "dj haunted traphouse xiii", "text": "np: Vessels Cast From Crippled Hands - [The Spiderbear Tales (Vessels Cast From Crippled Hands / Destroyer Destroyer), (CDr), 2005] // Just Because There's Water Underneath The Bridge Doesn't Mean We Can't Burn It (01:22)", "context": "noise"}
{"ts": 1787132646.3701549, "user": "dj haunted traphouse xiii", "text": "np: Vessels Cast From Crippled Hands - [The Spiderbear Tales (Vessels Cast From Crippled Hands / Destroyer Destroyer), (CDr), 2005] // Just Because There's Water Underneath The Bridge Doesn't Mean We Can't Burn It (01:22)", "context": "+BlackMetal+"}
{"ts": 1787132649.7493536, "user": "dj haunted traphouse xiii", "text": "np: Vessels Cast From Crippled Hands - [The Spiderbear Tales (Vessels Cast From Crippled Hands / Destroyer Destroyer), (CDr), 2005] // Just Because There's Water Underneath The Bridge Doesn't Mean We Can't Burn It (01:22)", "context": "! ! LGBTQ+ ! !"}
{"ts": 1787132652.9275444, "user": "dj haunted traphouse xiii", "text": "np: Vessels Cast From Crippled Hands - [The Spiderbear Tales (Vessels Cast From Crippled Hands / Destroyer Destroyer), (CDr), 2005] // Just Because There's Water Underneath The Bridge Doesn't Mean We Can't Burn It (01:22)", "context": "indie"}
{"ts": 1787132682.4219763, "user": "Birex", "text": "está ouvindo: Express Of Sound - Real Vibration", "context": "Brasil"}
{"ts": 1787132718.7288167, "user": "dj haunted traphouse xiii", "text": "np: Vessels Cast From Crippled Hands - [The Spiderbear Tales (Vessels Cast From Crippled Hands / Destroyer Destroyer), (CDr), 2005] // I Heart Sing Alongs (0:55)", "context": "noise"}
{"ts": 1787132719.5000556, "user": "*_Ratboy_*", "text": "is now listening to file:///run/user/1000/doc/ALkWQYy2JWOvgvTF28i7HQ/tunes/Techno/New%20Age%20-%20JK%20Flesh%20Remix%20-%20Pessimist%2C%20JK%20Flesh.flac", "context": "+BlackMetal+"}
{"ts": 1787132724.9535203, "user": "dj haunted traphouse xiii", "text": "np: Vessels Cast From Crippled Hands - [The Spiderbear Tales (Vessels Cast From Crippled Hands / Destroyer Destroyer), (CDr), 2005] // I Heart Sing Alongs (0:55)", "context": "indie"}
{"ts": 1787132731.3236983, "user": "dj haunted traphouse xiii", "text": "np: Vessels Cast From Crippled Hands - [The Spiderbear Tales (Vessels Cast From Crippled Hands / Destroyer Destroyer), (CDr), 2005] // I Heart Sing Alongs (0:55)", "context": "! ! LGBTQ+ ! !"}
{"ts": 1787132734.9415746, "user": "dj haunted traphouse xiii", "text": "np: Vessels Cast From Crippled Hands - [The Spiderbear Tales (Vessels Cast From Crippled Hands / Destroyer Destroyer), (CDr), 2005] // I Heart Sing Alongs (0:55)", "context": "+BlackMetal+"}
{"ts": 1787132746.1416368, "user": "*_Ratboy_*", "text": "is now listening to Pessimist, JK Flesh - New Age - JK Flesh Remix", "context": "+BlackMetal+"}
{"ts": 1787132811.0177877, "user": "*_Ratboy_*", "text": "is now listening to Marmion, The Moon & The Sun - The Spark, The Flame & The Fire - The Moon & The Sun Remix", "context": "+BlackMetal+"}
{"ts": 1787132822.1040916, "user": "dj haunted traphouse xiii", "text": "np: Vessels Cast From Crippled Hands - [The Spiderbear Tales (Vessels Cast From Crippled Hands / Destroyer Destroyer), (CDr), 2005] // Check And Mate, Bobby Fischer. Check And Mate. (0:38)", "context": "noise"}
{"ts": 1787132829.2693865, "user": "dj haunted traphouse xiii", "text": "np: Vessels Cast From Crippled Hands - [The Spiderbear Tales (Vessels Cast From Crippled Hands / Destroyer Destroyer), (CDr), 2005] // Check And Mate, Bobby Fischer. Check And Mate. (0:38)", "context": "+BlackMetal+"}
{"ts": 1787132832.6079535, "user": "dj haunted traphouse xiii", "text": "np: Vessels Cast From Crippled Hands - [The Spiderbear Tales (Vessels Cast From Crippled Hands / Destroyer Destroyer), (CDr), 2005] // Check And Mate, Bobby Fischer. Check And Mate. (0:38)", "context": "! ! LGBTQ+ ! !"}
{"ts": 1787132836.056913, "user": "dj haunted traphouse xiii", "text": "np: Vessels Cast From Crippled Hands - [The Spiderbear Tales (Vessels Cast From Crippled Hands / Destroyer Destroyer), (CDr), 2005] // Check And Mate, Bobby Fischer. Check And Mate. (0:38)", "context": "indie"}
{"ts": 1787132846.7669947, "user": "DawnSky777", "text": "smokes cigarette", "context": "Gothic"}
{"ts": 1787132915.6696637, "user": "Birex", "text": "está ouvindo: Mad Mark Feat. Ron Carroll - Fly With Me", "context": "Brasil"}
{"ts": 1787133058.4775262, "user": "dj haunted traphouse xiii", "text": "np: Destroyer Destroyer [The Spiderbear Tales (Vessels Cast From Crippled Hands / Destroyer Destroyer), (CDr), 2005] // I'm Tired Of Making You Listen And You Listen Good (02:26)", "context": "noise"}
{"ts": 1787133064.688452, "user": "dj haunted traphouse xiii", "text": "np: Destroyer Destroyer [The Spiderbear Tales (Vessels Cast From Crippled Hands / Destroyer Destroyer), (CDr), 2005] // I'm Tired Of Making You Listen And You Listen Good (02:26)", "context": "+BlackMetal+"}
{"ts": 1787133067.5195928, "user": "dj haunted traphouse xiii", "text": "np: Destroyer Destroyer [The Spiderbear Tales (Vessels Cast From Crippled Hands / Destroyer Destroyer), (CDr), 2005] // I'm Tired Of Making You Listen And You Listen Good (02:26)", "context": "! ! LGBTQ+ ! !"}
{"ts": 1787133070.7493272, "user": "dj haunted traphouse xiii", "text": "np: Destroyer Destroyer [The Spiderbear Tales (Vessels Cast From Crippled Hands / Destroyer Destroyer), (CDr), 2005] // I'm Tired Of Making You Listen And You Listen Good (02:26)", "context": "indie"}
{"ts": 1787133085.1029565, "user": "DawnSky777", "text": "Android Lust - A New Heaven", "context": "+BlackMetal+"}
{"ts": 1787133140.9600213, "user": "Birex", "text": "está ouvindo: Whigfield - Another Day", "context": "Brasil"}
{"ts": 1787133205.7248845, "user": "dj haunted traphouse xiii", "text": "np: Destroyer Destroyer [The Spiderbear Tales (Vessels Cast From Crippled Hands / Destroyer Destroyer), (CDr), 2005] // Chainsodomy / 1981 - 2005 (02:56)", "context": "noise"}
{"ts": 1787133214.5906863, "user": "dj haunted traphouse xiii", "text": "np: Destroyer Destroyer [The Spiderbear Tales (Vessels Cast From Crippled Hands / Destroyer Destroyer), (CDr), 2005] // Chainsodomy / 1981 - 2005 (02:56)", "context": "+BlackMetal+"}
{"ts": 1787133217.3392012, "user": "dj haunted traphouse xiii", "text": "np: Destroyer Destroyer [The Spiderbear Tales (Vessels Cast From Crippled Hands / Destroyer Destroyer), (CDr), 2005] // Chainsodomy / 1981 - 2005 (02:56)", "context": "! ! LGBTQ+ ! !"}
{"ts": 1787133231.5041704, "user": "dj haunted traphouse xiii", "text": "np: Destroyer Destroyer [The Spiderbear Tales (Vessels Cast From Crippled Hands / Destroyer Destroyer), (CDr), 2005] // Chainsodomy / 1981 - 2005 (02:56)", "context": "indie"}
{"ts": 1787133317.227252, "user": "*_Ratboy_*", "text": "is now listening to Prince Far I - Psalm 95", "context": "+BlackMetal+"}
{"ts": 1787133375.2958412, "user": "DawnSky777", "text": "Skynet - Ascension", "context": "+BlackMetal+"}
{"ts": 1787133380.0189538, "user": "dj haunted traphouse xiii", "text": "np: Destroyer Destroyer - [The Spiderbear Tales (Vessels Cast From Crippled Hands / Destroyer Destroyer), (CDr), 2005] // Why Isn't Dr. Gregory's Office Open? Because Its Sunday. No It Ain't! (01:25)", "context": "noise"}
{"ts": 1787133388.1935816, "user": "dj haunted traphouse xiii", "text": "np: Destroyer Destroyer - [The Spiderbear Tales (Vessels Cast From Crippled Hands / Destroyer Destroyer), (CDr), 2005] // Why Isn't Dr. Gregory's Office Open? Because Its Sunday. No It Ain't! (01:25)", "context": "+BlackMetal+"}
{"ts": 1787133391.2613637, "user": "dj haunted traphouse xiii", "text": "np: Destroyer Destroyer - [The Spiderbear Tales (Vessels Cast From Crippled Hands / Destroyer Destroyer), (CDr), 2005] // Why Isn't Dr. Gregory's Office Open? Because Its Sunday. No It Ain't! (01:25)", "context": "! ! LGBTQ+ ! !"}
{"ts": 1787133396.169384, "user": "dj haunted traphouse xiii", "text": "np: Destroyer Destroyer - [The Spiderbear Tales (Vessels Cast From Crippled Hands / Destroyer Destroyer), (CDr), 2005] // Why Isn't Dr. Gregory's Office Open? Because Its Sunday. No It Ain't! (01:25)", "context": "indie"}
{"ts": 1787133412.3898911, "user": "*_Ratboy_*", "text": "is now listening to King Earthquake & Gussie Ranks - King Of Kings", "context": "+BlackMetal+"}
{"ts": 1787133449.8357887, "user": "Birex", "text": "está ouvindo: Tony Di Bart - Do It", "context": "Brasil"}
{"ts": 1787133485.452436, "user": "dj haunted traphouse xiii", "text": "np: Destroyer Destroyer - [The Spiderbear Tales (Vessels Cast From Crippled Hands / Destroyer Destroyer), (CDr), 2005] // Don't Be Ridiculous, Doctor. (01:19)", "context": "noise"}
{"ts": 1787133493.9607167, "user": "dj haunted traphouse xiii", "text": "np: Destroyer Destroyer - [The Spiderbear Tales (Vessels Cast From Crippled Hands / Destroyer Destroyer), (CDr), 2005] // Don't Be Ridiculous, Doctor. (01:19)", "context": "+BlackMetal+"}
{"ts": 1787133497.0485625, "user": "dj haunted traphouse xiii", "text": "np: Destroyer Destroyer - [The Spiderbear Tales (Vessels Cast From Crippled Hands / Destroyer Destroyer), (CDr), 2005] // Don't Be Ridiculous, Doctor. (01:19)", "context": "! ! LGBTQ+ ! !"}
{"ts": 1787133500.3699737, "user": "dj haunted traphouse xiii", "text": "np: Destroyer Destroyer - [The Spiderbear Tales (Vessels Cast From Crippled Hands / Destroyer Destroyer), (CDr), 2005] // Don't Be Ridiculous, Doctor. (01:19)", "context": "indie"}
{"ts": 1787133623.4371538, "user": "*_Ratboy_*", "text": "is now listening to FM LÆTI - Rise in the Sun", "context": "+BlackMetal+"}
{"ts": 1787133647.0953097, "user": "Birex", "text": "está ouvindo: Bitmachine Feat. Daisy Dee - Somebody Real", "context": "Brasil"}
{"ts": 1787133776.0339074, "user": "DawnSky777", "text": "Skynet - Lucifer", "context": "+BlackMetal+"}
{"ts": 1787133824.1241515, "user": "*_Ratboy_*", "text": "is now listening to Wang Chung - Dance Hall Days", "context": "+BlackMetal+"}
{"ts": 1787133828.7387397, "user": "Birex", "text": "está ouvindo: E-Rotic - King Kong", "context": "Brasil"}
{"ts": 1787134055.5118208, "user": "Birex", "text": "está ouvindo: Billy Griffin - Hold Me Tighter In The Rain", "context": "Brasil"}
{"ts": 1787134112.3939981, "user": "DawnSky777", "text": "Skynet - Galactic Cycle", "context": "+BlackMetal+"}
{"ts": 1787134180.0079136, "user": "*_Ratboy_*", "text": "is now listening to Meryl Streek, The Chisel - Dogs", "context": "+BlackMetal+"}
{"ts": 1787134372.5086565, "user": "Birex", "text": "está ouvindo: Fourteen 14 - Everytime We Touch", "context": "Brasil"}
{"ts": 1787134471.232049, "user": "DawnSky777", "text": "Clams Casino - I'm God", "context": "+BlackMetal+"}
{"ts": 1787134486.5075772, "user": "Voidling", "text": ":...: OH GOD, OH MAN, OH GOD, OH MAN - YouTube | by A Muse Of Fire | 0:12 | 610.8K views | 15.9K likes | 2011-05-12", "context": "^ILLUMINATI^awareness"}
{"ts": 1787134577.6914425, "user": "Birex", "text": "está ouvindo: Alcazar - This Is The World We Live In (Original Mix)", "context": "Brasil"}
{"ts": 1787134590.836134, "user": "*_Ratboy_*", "text": "is now listening to Youssoupha - NOUVEAU KARATÉ", "context": "+BlackMetal+"}
{"ts": 1787134611.961674, "user": "E5FDD609", "text": "applauds", "context": "indie"}
{"ts": 1787134714.827465, "user": "*_Ratboy_*", "text": "is now listening to Peckerhead - Acid Aries (Hellfish Remix)", "context": "+BlackMetal+"}
{"ts": 1787134790.745778, "user": "Birex", "text": "está ouvindo: Rihanna - Don't Stop The Music", "context": "Brasil"}
{"ts": 1787134847.6308608, "user": "DawnSky777", "text": "Tinywiings - Always Sunny", "context": "+BlackMetal+"}
{"ts": 1787135023.2745936, "user": "DawnSky777", "text": "Clitgore - The Lust Supper", "context": "+BlackMetal+"}
{"ts": 1787135057.6337876, "user": "Birex", "text": "está ouvindo: Jay Jay Okocha - I I Am Am JJ (12'' JJ Remix)", "context": "Brasil"}
{"ts": 1787135171.487001, "user": "*_Ratboy_*", "text": "is now listening to Throbbing Gristle - Persuasion", "context": "+BlackMetal+"}
{"ts": 1787135295.4632392, "user": "DawnSky777", "text": "Vulvaectomy - Putrescent Clitoral Fermentation", "context": "+BlackMetal+"}
{"ts": 1787135387.5090141, "user": "*_Ratboy_*", "text": "is now listening to Youssoupha - GIGI", "context": "+BlackMetal+"}
{"ts": 1787135418.497874, "user": "Birex", "text": "está ouvindo: Nuwerk City Players - The Feeling", "context": "Brasil"}
{"ts": 1787135513.5892415, "user": "DawnSky777", "text": "Vulvectomy - Festering Deteched Genitals", "context": "+BlackMetal+"}
{"ts": 1787135591.2938502, "user": "krotka", "text": "* Giuseppe Ottaviani live at A State of Trance Poland 2026 | A State Of Trance | 01:14:06 | http://youtu.be/jpsXS2mpO-M", "context": "#polska"}
{"ts": 1787135605.268217, "user": "*_Ratboy_*", "text": "is now listening to Mission Of Burma - That's When I Reach for My Revolver", "context": "+BlackMetal+"}
{"ts": 1787135665.8278441, "user": "Birex", "text": "está ouvindo: Sabrina - Boys", "context": "Brasil"}
{"ts": 1787135677.0698655, "user": "DawnSky777", "text": "Mission of Burma - Thats When I Reach For My Revolver", "context": "+BlackMetal+"}
{"ts": 1787135892.891285, "user": "Birex", "text": "está ouvindo: Eric Clapton - I Shot The Sheriff", "context": "Brasil"}
{"ts": 1787136014.2788205, "user": "box cat", "text": "Dead Can Dance - Within The Realm Of A Dying Sun\\03 - In The Wake Of Adversity.mp3", "context": "+BlackMetal+"}
{"ts": 1787136056.6516023, "user": "DawnSky777", "text": "Nile - The Blessed Dead", "context": "+BlackMetal+"}
{"ts": 1787136153.6386492, "user": "Birex", "text": "está ouvindo: Culture Beat - No Deeper Meaning (Technology Mix)", "context": "Brasil"}
{"ts": 1787136273.634293, "user": "your.yumia", "text": "listening to: purity filter - TSOF - the sound of ████ (SEXDUIT WIFECORE)", "context": "actually queer people"}
{"ts": 1787136396.3332765, "user": "Birex", "text": "está ouvindo: Eiffel 65 - 80's Star", "context": "Brasil"}
{"ts": 1787136457.5361784, "user": "DawnSky777", "text": "Anal Cunt - I Respect Your Feelings As A Woman and A Human", "context": "+BlackMetal+"}
{"ts": 1787136471.9265041, "user": "box cat", "text": "Dead Can Dance - Within The Realm Of A Dying Sun\\07 - Summoning Of The Muse.mp3", "context": "+BlackMetal+"}
{"ts": 1787136597.0961187, "user": "DawnSky777", "text": "Nile - Eat of the Dead", "context": "+BlackMetal+"}
{"ts": 1787136663.2190437, "user": "Birex", "text": "está ouvindo: Zeca Pagodinho - Seu Balance", "context": "Brasil"}
{"ts": 1787136884.9473078, "user": "Birex", "text": "está ouvindo: Clear Condition Feat. Francesca La Falce - Keep Up (94 Mix)", "context": "Brasil"}
{"ts": 1787137186.6325126, "user": "*_Ratboy_*", "text": "is now listening to Darkthrone - Transilvanian Hunger", "context": "+BlackMetal+"}
{"ts": 1787137236.0362148, "user": "Birex", "text": "está ouvindo: Boobytrax - Don't Go (Station Edit)", "context": "Brasil"}
{"ts": 1787137453.2831624, "user": "Birex", "text": "está ouvindo: Disco Blanc - Disco Blanc", "context": "Brasil"}
{"ts": 1787137753.0249083, "user": "Birex", "text": "está ouvindo: Kenny Rogers - Lady", "context": "Brasil"}
{"ts": 1787137852.555341, "user": "box cat", "text": "Sylvi Alli  -  Dream Of The Blue Moth\\05 House Of Fear.mp3", "context": "+BlackMetal+"}
{"ts": 1787137977.6291084, "user": "Birex", "text": "está ouvindo: Right Said Fred - Don't Talk Just Kiss (7'' Dance Mix)", "context": "Brasil"}
{"ts": 1787138186.6437666, "user": "Birex", "text": "está ouvindo: Michael Jackson - Dirty Diana", "context": "Brasil"}
{"ts": 1787138474.6234705, "user": "Birex", "text": "está ouvindo: Frankie Johnson - Back In The Groove", "context": "Brasil"}
{"ts": 1787138747.8422384, "user": "Birex", "text": "está ouvindo: Black Box - I Don't Know Anybody Else", "context": "Brasil"}
{"ts": 1787139022.781006, "user": "Birex", "text": "está ouvindo: Tony Garcia - Just Like The Wind", "context": "Brasil"}
{"ts": 1787139232.7020037, "user": "uookie", "text": "Aphex Twin - [...I Care Because You Do (Reissue) CD1 #10] Alberto Balsam", "context": "#polska"}
{"ts": 1787139277.447059, "user": "Birex", "text": "está ouvindo: 4 Strings - Take Me Away", "context": "Brasil"}
{"ts": 1787139396.6601427, "user": "your.yumia", "text": "~(>_<。)＼", "context": "Furry"}
{"ts": 1787139467.1566758, "user": "Birex", "text": "está ouvindo: Lee Marrow - I Want Your Love (Club Version)", "context": "Brasil"}
{"ts": 1787139663.6476507, "user": "box cat", "text": "Work Drugs - Summer Blood\\01. Curious Serge.mp3", "context": "+BlackMetal+"}
{"ts": 1787139835.6677957, "user": "Birex", "text": "está ouvindo: Savage - Don't Cry Tonight", "context": "Brasil"}
{"ts": 1787140076.891446, "user": "Birex", "text": "está ouvindo: The Four Seasons - Oh What A Night", "context": "Brasil"}
{"ts": 1787140336.8437881, "user": "Birex", "text": "está ouvindo: Dalto - Muito Estranho", "context": "Brasil"}
{"ts": 1787140569.865408, "user": "Birex", "text": "está ouvindo: The King Of House - The Bird", "context": "Brasil"}
{"ts": 1787140860.6558583, "user": "tabitha", "text": "is listening to Baby Elephant Walk by Bad Manners on Return of the Ugly", "context": "! ! LGBTQ+ ! !"}
{"ts": 1787140922.1636865, "user": "Birex", "text": "está ouvindo: Daisy Dee - Come Again (Radio Edit)", "context": "Brasil"}
{"ts": 1787141137.234727, "user": "Birex", "text": "está ouvindo: DJ Aligator Project - Mosquito", "context": "Brasil"}
{"ts": 1787141367.168275, "user": "Birex", "text": "está ouvindo: OBT - I Got My Eyes", "context": "Brasil"}
{"ts": 1787141606.2862256, "user": "Birex", "text": "está ouvindo: Christopher Cross - Ride Like The Wind", "context": "Brasil"}
{"ts": 1787141875.924431, "user": "Birex", "text": "está ouvindo: Eurythmics - I Saved The World Today", "context": "Brasil"}
{"ts": 1787142106.4574175, "user": "Birex", "text": "está ouvindo: Ace Of Base - All That She Wants (Club Mix)", "context": "Brasil"}
{"ts": 1787142381.5435061, "user": "astersystem", "text": "is listening to Fuck Buttons - Sweet Love for Planet Earth at the moment :3", "context": "! ! LGBTQ+ ! !"}
{"ts": 1787142509.931972, "user": "Birex", "text": "está ouvindo: Neneh Cherry - Buffalo Stance (12'' Mix)", "context": "Brasil"}
{"ts": 1787142852.513076, "user": "Birex", "text": "está ouvindo: Nightcrawlers - Push The Feeling On (Extended Mix)", "context": "Brasil"}
{"ts": 1787143170.470814, "user": "rebirthoxide", "text": "np: Baerdcyn - Running Through the Morning Dew (Yonder Realms)", "context": "! ! LGBTQ+ ! !"}
{"ts": 1787143250.157464, "user": "Birex", "text": "está ouvindo: Lies In A Box - You Take My Heart Away", "context": "Brasil"}
{"ts": 1787143603.1528018, "user": "Birex", "text": "está ouvindo: Martika - Toy Soldiers", "context": "Brasil"}
{"ts": 1787143645.7977076, "user": "box cat", "text": "Amorphous Androgynous - Alice In Ultraland\\01 The Emptiness of Nothingness.m4a", "context": "! ! LGBTQ+ ! !"}
{"ts": 1787143882.9972906, "user": "Birex", "text": "está ouvindo: Bangles - Walk Like An Egyptian", "context": "Brasil"}
{"ts": 1787144143.5070057, "user": "Birex", "text": "está ouvindo: INXS - I Need You Tonight (Remix)", "context": "Brasil"}
{"ts": 1787144465.0332344, "user": "box cat", "text": "Amorphous Androgynous - Alice In Ultraland\\01 The Emptiness of Nothingness.m4a", "context": "+BlackMetal+"}
{"ts": 1787144547.9049604, "user": "Birex", "text": "está ouvindo: Adrenalin - Dream", "context": "Brasil"}
{"ts": 1787144653.4763558, "user": "theus", "text": "listening: Madonna - Candy Shop [Hard Candy]", "context": "/mu/"}
{"ts": 1787144656.316607, "user": "theus", "text": "listening: Madonna - Candy Shop [Hard Candy]", "context": "nicotine"}
{"ts": 1787144659.8216524, "user": "theus", "text": "listening: Madonna - Candy Shop [Hard Candy]", "context": "! ! LGBTQ+ ! !"}
{"ts": 1787144668.4818401, "user": "theus", "text": "listening: Madonna - Candy Shop [Hard Candy]", "context": "Brasil"}
{"ts": 1787144859.744287, "user": "Birex", "text": "está ouvindo: Obsession - Suspicious Minds", "context": "Brasil"}
{"ts": 1787145278.9203227, "user": "Birex", "text": "está ouvindo: Mighty Dub Katz - It's Just Another Groove (Tocadisco Remix)", "context": "Brasil"}
{"ts": 1787145630.0998347, "user": ":=)", "text": "Q1. RIDDLE ME THIS: Sphinx: What animal walks on 4 legs in the morning, 2 at noon & 3 in the evening? Oedipus: This ?", "context": "+BlackMetal+"}
{"ts": 1787145630.854823, "user": ":=)", "text": "Hint1: ***", "context": "+BlackMetal+"}
{"ts": 1787145665.1061301, "user": ":=)", "text": "Q2. What is a gondola?", "context": "+BlackMetal+"}
{"ts": 1787145665.825115, "user": ":=)", "text": "Hint1: ***** ****", "context": "+BlackMetal+"}
{"ts": 1787145679.7590868, "user": ":=)", "text": "Hint2: Wat** ****", "context": "+BlackMetal+"}
{"ts": 1787145706.8813915, "user": ":=)", "text": "Q3. UnScramble This Word: r a s n l y t e e ?", "context": "+BlackMetal+"}
{"ts": 1787145707.7024453, "user": ":=)", "text": "Hint1: *********", "context": "+BlackMetal+"}
{"ts": 1787145721.5459678, "user": ":=)", "text": "Hint2: Ear******", "context": "+BlackMetal+"}
{"ts": 1787145755.0837092, "user": ":=)", "text": "Q4. Female Stars: Who Did Kirstie Alley Replace In Cheers?", "context": "+BlackMetal+"}
{"ts": 1787145755.7750628, "user": ":=)", "text": "Hint1: ****** ****", "context": "+BlackMetal+"}
{"ts": 1787145768.469089, "user": ":=)", "text": "Hint2: She*** ****", "context": "+BlackMetal+"}
{"ts": 1787145785.2904058, "user": "augmental", "text": "cheers", "context": "+BlackMetal+"}
{"ts": 1787145793.175125, "user": ":=)", "text": "Q5. UnScramble This Word: l s u y l l e n ?", "context": "+BlackMetal+"}
{"ts": 1787145794.5712667, "user": ":=)", "text": "Hint1: ********", "context": "+BlackMetal+"}
{"ts": 1787145821.7018614, "user": ":=)", "text": "Q6. TEXTILES: Term for the process of mechanically taking the seeds out of a boll of cotton ?", "context": "+BlackMetal+"}
{"ts": 1787145822.5962775, "user": ":=)", "text": "Hint1: *******", "context": "+BlackMetal+"}
{"ts": 1787145837.304979, "user": ":=)", "text": "Hint2: Gi*****", "context": "+BlackMetal+"}
{"ts": 1787145853.0615594, "user": ":=)", "text": "Hint3: Gi**i**", "context": "+BlackMetal+"}
{"ts": 1787145880.1279798, "user": "Birex", "text": "está ouvindo: Lulu Santos - Apenas Mais Uma De Amor", "context": "Brasil"}
{"ts": 1787145888.214403, "user": "augmental", "text": "shrugs", "context": "+BlackMetal+"}
{"ts": 1787145891.0898657, "user": ":=)", "text": "Q7. Who Is The Famous Offspring Of \"Lara Lor Vari\"?", "context": "+BlackMetal+"}
{"ts": 1787145891.8247657, "user": ":=)", "text": "Hint1: ********", "context": "+BlackMetal+"}
{"ts": 1787145906.6673527, "user": ":=)", "text": "Hint2: Sup*****", "context": "+BlackMetal+"}
{"ts": 1787145933.908744, "user": ":=)", "text": "Q8. KAOS: UnScramble This Word: e i r t o s d \"4 Answers!\"", "context": "+BlackMetal+"}
{"ts": 1787145934.781468, "user": ":=)", "text": "Hint1: ******* | ******* | ******* | *******", "context": "+BlackMetal+"}
{"ts": 1787145948.8286104, "user": ":=)", "text": "Hint2: E*i*o** | *o**ie* | **e*oi* | **o*ie*", "context": "+BlackMetal+"}
{"ts": 1787145963.7685888, "user": ":=)", "text": "Hint3: E*i*o** | So**ie* | S*e*oi* | S*o*ie*", "context": "+BlackMetal+"}
{"ts": 1787145989.7781181, "user": ":=)", "text": "Q9. Who Would Commonly Use The Term 'Double Entry' In Their Job?", "context": "+BlackMetal+"}
{"ts": 1787145990.565462, "user": ":=)", "text": "Hint1: **********", "context": "+BlackMetal+"}
{"ts": 1787146019.7688127, "user": ":=)", "text": "Q10. Art & Literature: Richard Avedon Was A Famous Name In Which Field Of The Arts?", "context": "+BlackMetal+"}
{"ts": 1787146020.5350199, "user": ":=)", "text": "Hint1: ***********", "context": "+BlackMetal+"}
{"ts": 1787146034.4273045, "user": ":=)", "text": "Hint2: P**********", "context": "+BlackMetal+"}
{"ts": 1787146049.6298892, "user": ":=)", "text": "Hint3: P*o*o**a***", "context": "+BlackMetal+"}
{"ts": 1787146073.6195614, "user": ":=)", "text": "Q11. BROADWAY TITLE NOUNS: \"Annie Get Your ____\" ?", "context": "+BlackMetal+"}
{"ts": 1787146074.4435213, "user": ":=)", "text": "Hint1: ***", "context": "+BlackMetal+"}
{"ts": 1787146080.2331433, "user": "augmental", "text": "winks", "context": "+BlackMetal+"}
{"ts": 1787146099.254132, "user": ":=)", "text": "Q12. Entertainment: What Was The Name Of Yogi Bears Girlfriend?", "context": "+BlackMetal+"}
{"ts": 1787146100.2014575, "user": ":=)", "text": "Hint1: *****", "context": "+BlackMetal+"}
{"ts": 1787146115.010381, "user": ":=)", "text": "Hint2: Si***", "context": "+BlackMetal+"}
{"ts": 1787146119.5346708, "user": "Birex", "text": "está ouvindo: Tim Maia - Como Uma Onda", "context": "Brasil"}
{"ts": 1787146129.43643, "user": ":=)", "text": "Hint3: Si***", "context": "+BlackMetal+"}
{"ts": 1787146168.9806972, "user": ":=)", "text": "Q13. FAMOUS AMERICANS: \"Never before have we had so little time in which to do so much,\" he said in a 1942 radio speech ?", "context": "+BlackMetal+"}
{"ts": 1787146169.85625, "user": ":=)", "text": "Hint1: ******** *********", "context": "+BlackMetal+"}
{"ts": 1787146200.4193227, "user": ":=)", "text": "Q14. DS Hazel Wallace works with which TV detective?", "context": "+BlackMetal+"}
{"ts": 1787146201.963897, "user": ":=)", "text": "Hint1: *****", "context": "+BlackMetal+"}
{"ts": 1787146216.9064598, "user": ":=)", "text": "Hint2: **o**", "context": "+BlackMetal+"}
{"ts": 1787146231.182212, "user": ":=)", "text": "Hint3: F*o**", "context": "+BlackMetal+"}
{"ts": 1787146241.0957105, "user": "dj haunted traphouse xiii", "text": "np: A Jealousy Issue - [Mix Tapes And Missed Memories, (CDr), 1999] // Like Dynamite (04:37)", "context": "noise"}
{"ts": 1787146250.761723, "user": "dj haunted traphouse xiii", "text": "np: A Jealousy Issue - [Mix Tapes And Missed Memories, (CDr), 1999] // Like Dynamite (04:37)", "context": "+BlackMetal+"}
{"ts": 1787146255.447593, "user": "dj haunted traphouse xiii", "text": "np: A Jealousy Issue - [Mix Tapes And Missed Memories, (CDr), 1999] // Like Dynamite (04:37)", "context": "! ! LGBTQ+ ! !"}
{"ts": 1787146259.027213, "user": "dj haunted traphouse xiii", "text": "np: A Jealousy Issue - [Mix Tapes And Missed Memories, (CDr), 1999] // Like Dynamite (04:37)", "context": "indie"}
{"ts": 1787146260.567073, "user": ":=)", "text": "Q15. What Type Of Eagle Is America's National Bird?", "context": "+BlackMetal+"}
{"ts": 1787146261.487413, "user": ":=)", "text": "Hint1: **** *****", "context": "+BlackMetal+"}
{"ts": 1787146288.9199524, "user": ":=)", "text": "Q16. STUPID ANSWERS: Traditionally, use 2 oz. gin, 5 oz. tonic water & 1 lime wedge to make this drink ?", "context": "+BlackMetal+"}
{"ts": 1787146290.5082514, "user": ":=)", "text": "Hint1: * *** *** *****", "context": "+BlackMetal+"}
{"ts": 1787146324.011061, "user": ":=)", "text": "Q17. THE 1960S: 1963 protests by members of this religion, some of whom immolated themselves, led to the fall of South Vietnam's govt. ?", "context": "+BlackMetal+"}
{"ts": 1787146324.7751243, "user": ":=)", "text": "Hint1: *********", "context": "+BlackMetal+"}
{"ts": 1787146327.21307, "user": "Birex", "text": "está ouvindo: O-Zone - Dragostea Din Tei", "context": "Brasil"}
{"ts": 1787146338.9741058, "user": ":=)", "text": "Hint2: *u***i***", "context": "+BlackMetal+"}
{"ts": 1787146353.7478797, "user": ":=)", "text": "Hint3: Bu***i***", "context": "+BlackMetal+"}
{"ts": 1787146393.4025624, "user": ":=)", "text": "Q18. KAOS: Hollywood: Christian Bale Movies \"8 Answers!\"", "context": "+BlackMetal+"}
{"ts": 1787146394.316772, "user": ":=)", "text": "Hint1: ******** ****** | ****** ** *** *** | ****** ****** | *** ********* | *** ******** | *** *** ***** | ***** ** **** | *****", "context": "+BlackMetal+"}
{"ts": 1787146408.134136, "user": ":=)", "text": "Hint2: A*e*i*a* *****o | E**i*e O* **e *u* | *a**a* *e*i** | **e *a**i*i** | **e **e**i*e | **e *e* *o*** | *ei** O* *i*e | **a**", "context": "+BlackMetal+"}
{"ts": 1787146423.1982334, "user": ":=)", "text": "Hint3: A*e*i*a* P****o | E**i*e O* T*e Su* | Ba**a* Be*i** | T*e Ma**i*i** | T*e P*e**i*e | T*e Ne* Wo*** | Rei** O* Fi*e | S*a**", "context": "+BlackMetal+"}
{"ts": 1787146463.6397405, "user": ":=)", "text": "Q19. If you are sinistral, what are you?", "context": "+BlackMetal+"}
{"ts": 1787146464.4751043, "user": ":=)", "text": "Hint1: **** ******", "context": "+BlackMetal+"}
{"ts": 1787146478.568217, "user": ":=)", "text": "Hint2: L*** h*****", "context": "+BlackMetal+"}
{"ts": 1787146482.3775299, "user": "dj haunted traphouse xiii", "text": "np: A Jealousy Issue - [Mix Tapes And Missed Memories, (CDr), 1999] // Paperweight (02:55)", "context": "noise"}
{"ts": 1787146490.2326138, "user": "dj haunted traphouse xiii", "text": "np: A Jealousy Issue - [Mix Tapes And Missed Memories, (CDr), 1999] // Paperweight (02:55)", "context": "+BlackMetal+"}
{"ts": 1787146493.8396847, "user": ":=)", "text": "Hint3: Le** ha**e*", "context": "+BlackMetal+"}
{"ts": 1787146494.558042, "user": "dj haunted traphouse xiii", "text": "np: A Jealousy Issue - [Mix Tapes And Missed Memories, (CDr), 1999] // Paperweight (02:55)", "context": "! ! LGBTQ+ ! !"}
{"ts": 1787146498.2204764, "user": "dj haunted traphouse xiii", "text": "np: A Jealousy Issue - [Mix Tapes And Missed Memories, (CDr), 1999] // Paperweight (02:55)", "context": "indie"}
{"ts": 1787146522.6868234, "user": ":=)", "text": "Q20. Which Lisa was the first to reach the top of the American charts without being signed to a major label? (a) Stansfield (b) Kudrow (c) Lilly (d) Loeb", "context": "+BlackMetal+"}
{"ts": 1787146523.5267127, "user": ":=)", "text": "Hint1: .:[Hidden]:.", "context": "+BlackMetal+"}
{"ts": 1787146537.5596597, "user": ":=)", "text": "Hint2: .:[Hidden]:.", "context": "+BlackMetal+"}
{"ts": 1787146539.1038327, "user": "Birex", "text": "está ouvindo: One Nation - Bitter Sweet Symphony", "context": "Brasil"}
{"ts": 1787146565.2823665, "user": ":=)", "text": "Q21. In which Irish County would you find the Giant's Causeway?", "context": "+BlackMetal+"}
{"ts": 1787146566.9109275, "user": ":=)", "text": "Hint1: ****** ******", "context": "+BlackMetal+"}
{"ts": 1787146580.7511854, "user": ":=)", "text": "Hint2: C***** A*****", "context": "+BlackMetal+"}
{"ts": 1787146610.1455374, "user": ":=)", "text": "Q22. Geography: Where Is The Source Of The Mekong River?", "context": "+BlackMetal+"}
{"ts": 1787146610.9550107, "user": ":=)", "text": "Hint1: *****", "context": "+BlackMetal+"}
{"ts": 1787146638.336377, "user": ":=)", "text": "Q23. 1995: In January, Camilla Parker Bowles announced that she was getting a divorce, & this prince claimed that he wasn't ?", "context": "+BlackMetal+"}
{"ts": 1787146639.4218729, "user": ":=)", "text": "Hint1: ****** *******", "context": "+BlackMetal+"}
{"ts": 1787146652.1449306, "user": "augmental", "text": "hides", "context": "+BlackMetal+"}
{"ts": 1787146653.6411781, "user": ":=)", "text": "Hint2: Pri*** *******", "context": "+BlackMetal+"}
{"ts": 1787146657.2449222, "user": "rebirthoxide", "text": "np: Baerdcyn - At Rest in the Bayman’s Boat (Heritage of the Bay)", "context": "! ! LGBTQ+ ! !"}
{"ts": 1787146668.189984, "user": ":=)", "text": "Hint3: Pri**e **a**e*", "context": "+BlackMetal+"}
{"ts": 1787146673.751303, "user": "dj haunted traphouse xiii", "text": "np: A Jealousy Issue - [Mix Tapes And Missed Memories, (CDr), 1999] // And Days Were Longer (04:16)", "context": "noise"}
{"ts": 1787146687.6304138, "user": "dj haunted traphouse xiii", "text": "np: A Jealousy Issue - [Mix Tapes And Missed Memories, (CDr), 1999] // And Days Were Longer (04:16)", "context": "! ! LGBTQ+ ! !"}
{"ts": 1787146692.481232, "user": "dj haunted traphouse xiii", "text": "np: A Jealousy Issue - [Mix Tapes And Missed Memories, (CDr), 1999] // And Days Were Longer (04:16)", "context": "indie"}
{"ts": 1787146707.7542078, "user": ":=)", "text": "Q24. According to FIFA World Cup rules which flag must be displayed inside each match stadium besides those of FIFA/Fair Play, and the two competing nations?", "context": "+BlackMetal+"}
{"ts": 1787146709.3534002, "user": ":=)", "text": "Hint1: ****** *******", "context": "+BlackMetal+"}
{"ts": 1787146710.3026223, "user": "dj haunted traphouse xiii", "text": "np: A Jealousy Issue - [Mix Tapes And Missed Memories, (CDr), 1999] // And Days Were Longer (04:16)", "context": "+BlackMetal+"}
{"ts": 1787146723.0609796, "user": ":=)", "text": "Hint2: Uni*** *******", "context": "+BlackMetal+"}
{"ts": 1787146732.9525938, "user": "BriansAnus", "text": "np Jake Muir - Pareidolia - 01 Beithir.mp3", "context": "+BlackMetal+"}
{"ts": 1787146751.0066743, "user": ":=)", "text": "Q25. In Which Year Was The Falklands Conflict?", "context": "+BlackMetal+"}
{"ts": 1787146751.9253988, "user": ":=)", "text": "Hint1: ****", "context": "+BlackMetal+"}
{"ts": 1787146785.5518866, "user": ":=)", "text": "Q26. Roman Numerals: What is XX plus LXXVI ?", "context": "+BlackMetal+"}
{"ts": 1787146787.1278841, "user": ":=)", "text": "Hint1: ****", "context": "+BlackMetal+"}
{"ts": 1787146835.0577676, "user": "Birex", "text": "está ouvindo: Fey - Media Naranja", "context": "Brasil"}
{"ts": 1787146876.9448245, "user": "Maxumental", "text": "trivia start", "context": "+BlackMetal+"}
{"ts": 1787146946.4170048, "user": "dj haunted traphouse xiii", "text": "np: A Jealousy Issue - [Mix Tapes And Missed Memories, (CDr), 1999] // In The Shape Of Stars (03:51)", "context": "noise"}
{"ts": 1787146956.0989966, "user": "dj haunted traphouse xiii", "text": "np: A Jealousy Issue - [Mix Tapes And Missed Memories, (CDr), 1999] // In The Shape Of Stars (03:51)", "context": "+BlackMetal+"}
{"ts": 1787146957.7871864, "user": "dj haunted traphouse xiii", "text": "np: A Jealousy Issue - [Mix Tapes And Missed Memories, (CDr), 1999] // In The Shape Of Stars (03:51)", "context": "! ! LGBTQ+ ! !"}
{"ts": 1787146960.6877258, "user": "dj haunted traphouse xiii", "text": "np: A Jealousy Issue - [Mix Tapes And Missed Memories, (CDr), 1999] // In The Shape Of Stars (03:51)", "context": "indie"}
{"ts": 1787147015.76888, "user": "augmental", "text": "is sad", "context": "+BlackMetal+"}
{"ts": 1787147183.2662723, "user": "Birex", "text": "está ouvindo: General Base - On And On", "context": "Brasil"}
{"ts": 1787147215.872642, "user": "dj haunted traphouse xiii", "text": "np: Forcefedglass - [Forcefedglass / The Fall Of Leningrad, (7\"), 1999] // Running On Borrowed Time (01:30)", "context": "noise"}
{"ts": 1787147222.9874709, "user": "dj haunted traphouse xiii", "text": "np: Forcefedglass - [Forcefedglass / The Fall Of Leningrad, (7\"), 1999] // Running On Borrowed Time (01:30)", "context": "+BlackMetal+"}
{"ts": 1787147225.7777824, "user": "dj haunted traphouse xiii", "text": "np: Forcefedglass - [Forcefedglass / The Fall Of Leningrad, (7\"), 1999] // Running On Borrowed Time (01:30)", "context": "! ! LGBTQ+ ! !"}
{"ts": 1787147227.6140814, "user": "dj haunted traphouse xiii", "text": "np: Forcefedglass - [Forcefedglass / The Fall Of Leningrad, (7\"), 1999] // Running On Borrowed Time (01:30)", "context": "indie"}
{"ts": 1787147250.8451824, "user": "emPathetic", "text": "smiles gently", "context": "Furry"}
{"ts": 1787147317.2213643, "user": "dj haunted traphouse xiii", "text": "np: Forcefedglass - [Forcefedglass / The Fall Of Leningrad, (7\"), 1999] // Dead Man's Float (02:11)", "context": "noise"}
{"ts": 1787147328.0614824, "user": "dj haunted traphouse xiii", "text": "np: Forcefedglass - [Forcefedglass / The Fall Of Leningrad, (7\"), 1999] // Dead Man's Float (02:11)", "context": "+BlackMetal+"}
{"ts": 1787147330.6550992, "user": "dj haunted traphouse xiii", "text": "np: Forcefedglass - [Forcefedglass / The Fall Of Leningrad, (7\"), 1999] // Dead Man's Float (02:11)", "context": "! ! LGBTQ+ ! !"}
{"ts": 1787147333.482392, "user": "dj haunted traphouse xiii", "text": "np: Forcefedglass - [Forcefedglass / The Fall Of Leningrad, (7\"), 1999] // Dead Man's Float (02:11)", "context": "indie"}
{"ts": 1787147438.1457644, "user": "dj haunted traphouse xiii", "text": "np: The Fall Of Leningrad - [Forcefedglass / The Fall Of Leningrad, (7\"), 1999] // Pravada (02:31)", "context": "noise"}
{"ts": 1787147450.218049, "user": "dj haunted traphouse xiii", "text": "np: The Fall Of Leningrad - [Forcefedglass / The Fall Of Leningrad, (7\"), 1999] // Pravada (02:31)", "context": "+BlackMetal+"}
{"ts": 1787147452.8809187, "user": "dj haunted traphouse xiii", "text": "np: The Fall Of Leningrad - [Forcefedglass / The Fall Of Leningrad, (7\"), 1999] // Pravada (02:31)", "context": "! ! LGBTQ+ ! !"}
{"ts": 1787147456.7298844, "user": "dj haunted traphouse xiii", "text": "np: The Fall Of Leningrad - [Forcefedglass / The Fall Of Leningrad, (7\"), 1999] // Pravada (02:31)", "context": "indie"}
{"ts": 1787147461.4252884, "user": "Birex", "text": "está ouvindo: David Bowie - This Is Not America", "context": "Brasil"}
{"ts": 1787147625.1068273, "user": "dj haunted traphouse xiii", "text": "np: The Fall Of Leningrad - [Forcefedglass / The Fall Of Leningrad, (7\"), 1999] // The Masters Of Palekh (03:34)", "context": "noise"}
{"ts": 1787147634.941695, "user": "dj haunted traphouse xiii", "text": "np: The Fall Of Leningrad - [Forcefedglass / The Fall Of Leningrad, (7\"), 1999] // The Masters Of Palekh (03:34)", "context": "+BlackMetal+"}
{"ts": 1787147642.598575, "user": "dj haunted traphouse xiii", "text": "np: The Fall Of Leningrad - [Forcefedglass / The Fall Of Leningrad, (7\"), 1999] // The Masters Of Palekh (03:34)", "context": "! ! LGBTQ+ ! !"}
{"ts": 1787147646.7192748, "user": "dj haunted traphouse xiii", "text": "np: The Fall Of Leningrad - [Forcefedglass / The Fall Of Leningrad, (7\"), 1999] // The Masters Of Palekh (03:34)", "context": "indie"}
{"ts": 1787147688.6004074, "user": "Birex", "text": "está ouvindo: K. Da Cruz - Love Is Lifting Me Higher", "context": "Brasil"}
{"ts": 1787147766.2685387, "user": "krotka", "text": "* Apollo Brown - The Answer | betahuman | 00:03:28 | http://youtu.be/CCfzRofKIiY", "context": "#polska"}
{"ts": 1787147845.8321972, "user": "BzTerX/oZ", "text": "hugs jjjohn", "context": "! ! LGBTQ+ ! !"}
{"ts": 1787147932.1839948, "user": "jjjohn1", "text": "jjjohn hugs BzTerX/oZ back.", "context": "! ! LGBTQ+ ! !"}
{"ts": 1787147999.4408295, "user": "Birex", "text": "está ouvindo: Daryl Hall & John Oates - One On One", "context": "Brasil"}
{"ts": 1787148173.3909101, "user": "augmental", "text": "runs away", "context": "+BlackMetal+"}
{"ts": 1787148230.4070206, "user": "Birex", "text": "está ouvindo: Elaine Jones - Could It Be Magic", "context": "Brasil"}
{"ts": 1787148273.1790013, "user": "augmental", "text": "blesses Jokker and throws holy water at him", "context": "+BlackMetal+"}
{"ts": 1787148418.1786501, "user": "augmental", "text": "hides from the bad man", "context": "+BlackMetal+"}
{"ts": 1787148440.574015, "user": "augmental", "text": "smacks head", "context": "+BlackMetal+"}
{"ts": 1787148451.7682393, "user": "Birex", "text": "está ouvindo: Taleesa - Jambalaya (On The Bayou) (Final Radio Version)", "context": "Brasil"}
{"ts": 1787148655.165205, "user": "Birex", "text": "está ouvindo: Black Wax - Too Bee Or Not Gee Bee", "context": "Brasil"}
{"ts": 1787148711.1854584, "user": "iguana7712", "text": "is now listening to Skin by Mac Miller (2016 - The Divine Feminine)", "context": "! ! LGBTQ+ ! !"}
{"ts": 1787148808.0061195, "user": "augmental", "text": "cheers", "context": "+BlackMetal+"}
{"ts": 1787148947.861162, "user": "Birex", "text": "está ouvindo: Milton Nascimento - Coração De Estudante", "context": "Brasil"}
{"ts": 1787148980.2871444, "user": "krotka", "text": "* Ben Böhmer - Purple Line | Otis WILD | 00:08:01 | http://youtu.be/_jWp5RpEjt0", "context": "#polska"}
{"ts": 1787149007.5031831, "user": "Labubu -166 by Jolly .J", "text": "browses user list", "context": "+BlackMetal+"}
{"ts": 1787149074.9112241, "user": "Labubu -166 by Jolly .J", "text": "strokes beard", "context": "+BlackMetal+"}
{"ts": 1787149183.4860728, "user": "Birex", "text": "está ouvindo: ATB - I Don't Wanna Stop", "context": "Brasil"}
{"ts": 1787149394.8301826, "user": "Birex", "text": "está ouvindo: Madonna - Ray Of Light", "context": "Brasil"}
{"ts": 1787149461.2912521, "user": "Labubu -166 by Jolly .J", "text": "scratches head", "context": "+BlackMetal+"}
{"ts": 1787149486.6058838, "user": "kurrrak", "text": "szejk", "context": "#polska"}
{"ts": 1787149712.078504, "user": "Birex", "text": "está ouvindo: The B-52's - Private Idaho", "context": "Brasil"}
{"ts": 1787149731.2635648, "user": "uookie", "text": "vibrasphere - manzanilla", "context": "#polska"}
{"ts": 1787149924.2418852, "user": "Birex", "text": "está ouvindo: Erika - Ditto", "context": "Brasil"}
{"ts": 1787149999.6325033, "user": "dami", "text": "tosses Lady Murphy on Jokker", "context": "+BlackMetal+"}
{"ts": 1787150250.5600734, "user": "Birex", "text": "está ouvindo: Carrie Lucas - Dance With You", "context": "Brasil"}
{"ts": 1787150312.871805, "user": "emPathetic", "text": "kisses fen", "context": "! ! LGBTQ+ ! !"}
{"ts": 1787150325.9230673, "user": "fen", "text": "kisses empathetic", "context": "! ! LGBTQ+ ! !"}
{"ts": 1787150386.134656, "user": "emPathetic", "text": "also rubs fen's belly", "context": "! ! LGBTQ+ ! !"}
{"ts": 1787150457.720373, "user": "Birex", "text": "está ouvindo: Fox Force Five - Touch Me", "context": "Brasil"}
{"ts": 1787150529.0676768, "user": "krotka", "text": "* Astro Zombies   -   I am Alright | StromerX13 | 00:03:26 | http://youtu.be/XEJ_EbpXTb0", "context": "#polska"}
{"ts": 1787150632.3860087, "user": "Birex", "text": "está ouvindo: Luiz Melodia - Negro Gato", "context": "Brasil"}
{"ts": 1787150651.3344605, "user": "krotka", "text": "* Kaz Balagane x Halastra - Mlody kamieniarz | Narkopop | 00:03:17 | http://youtu.be/rAHExyRbpkc", "context": "#polska"}
{"ts": 1787150857.0859978, "user": "Birex", "text": "está ouvindo: Sonia - Listen To Your Heart (Extended Mix)", "context": "Brasil"}
{"ts": 1787150858.5273464, "user": "krotka", "text": "* Alex Metric & Amtrac - Upswing | Anjunadeep | 00:05:56 | http://youtu.be/J1Zk9m_OYJU", "context": "#polska"}
{"ts": 1787150984.79591, "user": "cobra", "text": "np: JID - The Forever Story - Raydar", "context": "! ! LGBTQ+ ! !"}
{"ts": 1787150990.417373, "user": "fen", "text": "np: 4649nadeshiko, Leafean, uNSEEn - re: re: i made a snail pancake (Leafean X uNSEEn Remix) Part 1. melancholy", "context": "! ! LGBTQ+ ! !"}
{"ts": 1787151016.706638, "user": "emPathetic", "text": "⛤ is currently barking at ↳Explorers Of The Internet ╼ Car Sex (Donkey Cum Collective Remix) ┅ Car Sex Remixes ↴ ⛤", "context": "! ! LGBTQ+ ! !"}
{"ts": 1787151051.090844, "user": "Lemurian", "text": "Unaesta - La Vida Es Una Lenteja \"Levántateeeeee y abre la nevera, y mira a veeeeeer si te queda mortadela!!!\"", "context": "/mu/"}
{"ts": 1787151078.4368744, "user": "krotka", "text": "* Spect-R - Aircrash | 19061986 | 00:09:27 | http://youtu.be/_tnUvBRHyKk", "context": "#polska"}
{"ts": 1787151178.6393483, "user": "emPathetic", "text": "⛤ is currently barking at ↳Explorers Of The Internet ╼ Ball Wrecker ┅ Ball Wrecker ↴ ⛤", "context": "! ! LGBTQ+ ! !"}
{"ts": 1787151201.781761, "user": "Birex", "text": "está ouvindo: Love Unlimited Orchestra - Satin Soul", "context": "Brasil"}
{"ts": 1787151277.3798583, "user": "emPathetic", "text": "⛤ is currently barking at ↳Boxxy ╼ DA BEEPER ┅ NOW THATS WHAT I CALL PENIS MUSIC ↴ ⛤", "context": "! ! LGBTQ+ ! !"}
{"ts": 1787151335.7478924, "user": "mirai", "text": "stares blankly", "context": "+BlackMetal+"}
{"ts": 1787151424.494831, "user": "emPathetic", "text": "⛤ is currently barking at ↳Free Stuff ╼ CHECK THE QUEEF ┅ CHECK THE QUEEF ↴ ⛤", "context": "! ! LGBTQ+ ! !"}
{"ts": 1787151450.9940147, "user": "Birex", "text": "está ouvindo: Marisa Monte - Pra Ser Sincero", "context": "Brasil"}
{"ts": 1787151618.0763667, "user": "fen", "text": "np: Dusqk - Sanctuary OS", "context": "! ! LGBTQ+ ! !"}
{"ts": 1787151627.093099, "user": "Birex", "text": "está ouvindo: Dolly Parton - 9 To 5", "context": "Brasil"}
{"ts": 1787151662.934554, "user": "rebirthoxide", "text": "np: 1991 - No More Dreams I (No More Dreams)", "context": "! ! LGBTQ+ ! !"}
{"ts": 1787151669.977135, "user": "Labubu -166 by Jolly .J", "text": "sets self on fire", "context": "^ILLUMINATI^awareness"}
{"ts": 1787151687.3430383, "user": "krotka", "text": "* Mild Minds - WALLS (feat. Boats) [Official Music Video] | Foreign Family Collective | 00:04:24 | http://youtu.be/BcmSD0k8NTs", "context": "#polska"}
{"ts": 1787151747.3168795, "user": "Labubu -166 by Jolly .J", "text": "strokes beard", "context": "^ILLUMINATI^awareness"}
{"ts": 1787151775.8451624, "user": "Labubu -166 by Jolly .J", "text": "strokes the nappy hair of choclate prince", "context": "^ILLUMINATI^awareness"}
{"ts": 1787151788.0853567, "user": "Birex", "text": "está ouvindo: The Corrs - No Good For Me", "context": "Brasil"}
{"ts": 1787151819.5378096, "user": "emPathetic", "text": "⛤ is currently barking at ↳SinnClairr ╼ Evenings In Paris ┅ Evenings In Paris ↴ ⛤", "context": "! ! LGBTQ+ ! !"}
{"ts": 1787151833.6676211, "user": "Lemurian", "text": "Juan Luis Guerra - Bachata En Fukuoka \"Con tu piel de abrigo...\"", "context": "/mu/"}
{"ts": 1787151956.3839564, "user": "emPathetic", "text": "⛤ is currently barking at ↳Cyclops ╼ BLUNT SONG ┅ BLUNT SONG ↴ ⛤", "context": "! ! LGBTQ+ ! !"}
{"ts": 1787152020.5471592, "user": "UAP UFO SLSK EXPERT 2027", "text": "hugs joks", "context": "+BlackMetal+"}
{"ts": 1787152079.4492104, "user": "emPathetic", "text": "⛤ is currently barking at ↳WOOLI ╼ Jazz Cabbage ┅ Jazz Cabbage ↴ ⛤", "context": "! ! LGBTQ+ ! !"}
{"ts": 1787152121.2227857, "user": "emPathetic", "text": "throws fen into the sun", "context": "! ! LGBTQ+ ! !"}
{"ts": 1787152143.2864664, "user": "fen", "text": "dies", "context": "! ! LGBTQ+ ! !"}
{"ts": 1787152151.047594, "user": "emPathetic", "text": "unkills fen", "context": "! ! LGBTQ+ ! !"}
{"ts": 1787152215.1769104, "user": "Birex", "text": "está ouvindo: Cyndi Lauper - Girls Just Want To Have Fun", "context": "Brasil"}
{"ts": 1787152298.8961432, "user": "tjcjrusa90", "text": "gives the bot a cookie", "context": "+BlackMetal+"}
{"ts": 1787152310.0192337, "user": "mirai", "text": "takes a blowtorch to all bots", "context": "+BlackMetal+"}
{"ts": 1787152315.6733282, "user": "dami", "text": "pees on Lady Murphy", "context": "+BlackMetal+"}
{"ts": 1787152335.954212, "user": "tjcjrusa90", "text": "salutes", "context": "+BlackMetal+"}
{"ts": 1787152404.4125054, "user": "emPathetic", "text": "⛤ is currently barking at ↳JME ╼ Man Don't Care ┅ Integrity> ↴ ⛤", "context": "! ! LGBTQ+ ! !"}
{"ts": 1787152412.4275632, "user": "krotka", "text": "* Apple Cider | Apollo Brown - Topic | 00:03:12 | http://youtu.be/oBxjBqQT9sE", "context": "#polska"}
{"ts": 1787152440.177258, "user": "Birex", "text": "está ouvindo: Amy Grant - Baby Baby (12'' Heart In Motion Mix)", "context": "Brasil"}
{"ts": 1787152694.042965, "user": "dami", "text": "plays elevator music", "context": "+BlackMetal+"}
{"ts": 1787152801.399677, "user": "Birex", "text": "está ouvindo: Dire Straits - Heavy Fuel", "context": "Brasil"}
{"ts": 1787152998.1517725, "user": "emPathetic", "text": "⛤ is currently barking at ↳Zammuto ╼ It Can Feel So Good ┅ Veryone ↴ ⛤", "context": "! ! LGBTQ+ ! !"}
{"ts": 1787153020.4344413, "user": "Future Somebody", "text": "skeleton showing middlefinger", "context": "+BlackMetal+"}
{"ts": 1787153094.974692, "user": "Birex", "text": "está ouvindo: Company B - Spin Me Around", "context": "Brasil"}
{"ts": 1787153104.8433528, "user": "zimowy", "text": "sok z marchwi", "context": "#polska"}
{"ts": 1787153203.2153783, "user": "krotka", "text": "* Apple Cider | Apollo Brown - Topic | 00:03:12 | http://youtu.be/oBxjBqQT9sE", "context": "#polska"}
{"ts": 1787153373.7994854, "user": "emPathetic", "text": "⛤ is currently barking at ↳Teminite ╼ Accelerate ┅ Accelerate ↴ ⛤", "context": "! ! LGBTQ+ ! !"}
{"ts": 1787153385.6842372, "user": "Birex", "text": "está ouvindo: Roger Sanchez - Another Chance", "context": "Brasil"}
{"ts": 1787153498.2810514, "user": "Odbyciarz5000", "text": "filety z czerwonym curry z tego przepisu: https://www.kwestiasmaku.com/przepis/filety-ryby-w-czerwonym-curry-pieczone-w-papilotach", "context": "#polska"}
{"ts": 1787153531.8184874, "user": "Lemurian", "text": "Broadcast - Corporeal \"Under the x-ray, I'm just a vertebrate...\"", "context": "/mu/"}
{"ts": 1787153589.9283018, "user": "Birex", "text": "está ouvindo: Beatfreakz - Somebody's Watching Me", "context": "Brasil"}
{"ts": 1787153757.8367279, "user": "Birex", "text": "está ouvindo: Living In A Box - Room In Your Heart", "context": "Brasil"}
{"ts": 1787153819.0862849, "user": "emPathetic", "text": "⛤ is currently barking at ↳Street Soldier ╼ Nonce Killa (Total Elimination) ┅ Hard Mentality ↴ ⛤", "context": "! ! LGBTQ+ ! !"}
{"ts": 1787153905.885479, "user": "emPathetic", "text": "⛤ is currently barking at ↳FIDLAR ╼ West Coast ┅ Too ↴ ⛤", "context": "! ! LGBTQ+ ! !"}
{"ts": 1787154010.018785, "user": "Darkstone", "text": "np: todd rundgren - i saw the light", "context": "Stoner Rock"}
{"ts": 1787154031.3331711, "user": "Birex", "text": "está ouvindo: Aquarius - It Feels Like Summer (Sun, Sweat And Guitars)", "context": "Brasil"}
{"ts": 1787154110.0695002, "user": "Zefirion *", "text": "+ _ https://soundcloud.com/heinrichneugebauer/pi-knego_dnia *", "context": "#polska"}
{"ts": 1787154201.3654172, "user": "emPathetic", "text": "⛤ is currently barking at ↳AJJ ╼ Distance ┅ Knife Man ↴ ⛤", "context": "! ! LGBTQ+ ! !"}
{"ts": 1787154210.8459456, "user": "Zefirion *", "text": "+ _ https://soundcloud.com/heinrichneugebauer *", "context": "#polska"}
{"ts": 1787154247.8238747, "user": "T.V. head", "text": "pomidorowa z makaronem, tartym serem i pestkami dyni", "context": "#polska"}
{"ts": 1787154249.5471704, "user": "Birex", "text": "está ouvindo: DJ Dado - Coming Back", "context": "Brasil"}
{"ts": 1787154428.4449732, "user": "har2h", "text": "kap, kap", "context": "#polska"}
{"ts": 1787154467.1415946, "user": "Birex", "text": "está ouvindo: Raul Seixas - O Trem Das Sete Horas", "context": "Brasil"}
{"ts": 1787154628.0461812, "user": "Birex", "text": "está ouvindo: Ralphi Rosario - Brinca", "context": "Brasil"}
{"ts": 1787154740.6725118, "user": "Zefirion *", "text": "+ _ https://soundcloud.com/klauslukanovic/hsaill-good-grather *", "context": "#polska"}
{"ts": 1787154782.1039126, "user": "Zefirion *", "text": "+ _ Agnieszka a ty tutaj caly czas *", "context": "#polska"}
{"ts": 1787154889.2506385, "user": "Zefirion *", "text": "+ _ har2h https://soundcloud.com/heinrichneugebauer/deszcz_tam_pada *", "context": "#polska"}
{"ts": 1787154998.6010294, "user": "Birex", "text": "está ouvindo: Yolanda Be Cool & DCup - We No Speak Americano (Radio Edit)", "context": "Brasil"}
{"ts": 1787155153.0106392, "user": "Birex", "text": "está ouvindo: Manhattans - Shining Star", "context": "Brasil"}
{"ts": 1787155161.8766057, "user": "Zefirion *", "text": "+ _ T.V. head to bierz go w obroty nie daj sie", "context": "#polska"}
{"ts": 1787155169.8093967, "user": "Zefirion *", "text": "+ _ Agnueszka *", "context": "#polska"}
{"ts": 1787155202.3983731, "user": "Zefirion *", "text": "+ _ Agnieszka *", "context": "#polska"}
{"ts": 1787155236.864974, "user": "Zefirion *", "text": "+ _ przezyl jaak go pisatujesz co dzien", "context": "#polska"}
{"ts": 1787155266.326234, "user": "Zefirion *", "text": "+ _ 6 laat to musisz go kochac *", "context": "#polska"}
{"ts": 1787155307.990723, "user": "Zefirion *", "text": "+ _ sie wie *", "context": "#polska"}
{"ts": 1787155330.6377137, "user": "Zefirion *", "text": "+ _ pewno rozkwitasz przy nim *", "context": "#polska"}
{"ts": 1787155331.6152983, "user": "Darkstone", "text": "np: the doors - who do you love (absolutely live)", "context": "Stoner Rock"}
{"ts": 1787155361.081563, "user": "Zefirion *", "text": "+ _ jeszcze bylo by dobrze jaak by umial gotowac *", "context": "#polska"}
{"ts": 1787155409.7575116, "user": "Zefirion *", "text": "+ _ kocham techni bardziej niz ludzi *", "context": "#polska"}
{"ts": 1787155419.7945445, "user": "Zefirion *", "text": "+ _ mam taki beat *", "context": "#polska"}
{"ts": 1787155431.62572, "user": "Birex", "text": "está ouvindo: Joe Cocker - Summer In The City", "context": "Brasil"}
{"ts": 1787155619.6074083, "user": "Zefirion *", "text": "+ _ https://soundcloud.com/gruss-aus-exin/kocham-techno-bardziei-niz-ludzi *", "context": "#polska"}
{"ts": 1787155637.6513886, "user": "Zefirion *", "text": "+ _ uciekaja mi litery *", "context": "#polska"}
{"ts": 1787155663.0949922, "user": "Birex", "text": "está ouvindo: Scooter - Jigga Jigga!", "context": "Brasil"}
{"ts": 1787155805.0616722, "user": "penguin", "text": "sips coffee", "context": "^ILLUMINATI^awareness"}
{"ts": 1787155897.9418483, "user": "Birex", "text": "está ouvindo: Scooter - Suavemente (Radio Edit)", "context": "Brasil"}
{"ts": 1787156035.757333, "user": "Zefirion *", "text": "+ _ Agnieszka za to ciebie szanuje *", "context": "#polska"}
{"ts": 1787156047.8253183, "user": "Zefirion *", "text": "+ _ jaak taak o mnie piszesz *", "context": "#polska"}
{"ts": 1787156087.8640199, "user": "Zefirion *", "text": "+ _ jest jeszcze jeden beat", "context": "#polska"}
{"ts": 1787156103.003802, "user": "Zefirion *", "text": "+ _ o Agnieszce *", "context": "#polska"}
{"ts": 1787156114.2606819, "user": "Birex", "text": "está ouvindo: The The - This Is The Day", "context": "Brasil"}
{"ts": 1787156116.2952566, "user": "Zefirion *", "text": "+ _ https://soundcloud.com/heinrichneugebauer/tv_head_szukam_jej *", "context": "#polska"}
{"ts": 1787156275.318632, "user": "Zefirion *", "text": "+ _ https://soundcloud.com/gruss-aus-exin/inga-klara-to-dama-kameliowa *", "context": "#polska"}
{"ts": 1787156287.408636, "user": "Zefirion *", "text": "jedenasto letni beat *", "context": "#polska"}
{"ts": 1787156398.832192, "user": "Birex", "text": "está ouvindo: Natalia - More Of My Love", "context": "Brasil"}
{"ts": 1787156515.6267009, "user": "Zefirion *", "text": "+ _ ja tez to lubie i ciebie tez lubie *", "context": "#polska"}
{"ts": 1787156562.6250968, "user": "emPathetic", "text": "asks pikachu to shock my bathtub", "context": "! ! LGBTQ+ ! !"}
{"ts": 1787156658.5620115, "user": "krotka", "text": "* Evangeline | Angels Of Light - Topic | 00:08:46 | http://youtu.be/Q8UNecNMM50", "context": "#polska"}
{"ts": 1787156683.8196824, "user": "ratmobile", "text": "puts fingers in ears and stands back", "context": "+BlackMetal+"}
{"ts": 1787156717.4040282, "user": "Birex", "text": "está ouvindo: B. B. & Q. Band - On The Beat", "context": "Brasil"}
{"ts": 1787156733.5611582, "user": "krotka", "text": "* Astro Zombies   -   I am Alright | StromerX13 | 00:03:26 | http://youtu.be/XEJ_EbpXTb0", "context": "#polska"}
{"ts": 1787156750.7956777, "user": "krotka", "text": "* Black Butterfly | King Dude - Topic | 00:03:27 | http://youtu.be/Y4Cs3j4D31U", "context": "#polska"}
{"ts": 1787156794.7054365, "user": "krotka", "text": "* King Dude - Jesus in the Courtyard & Lord I'm Coming Home | A Take Away Show | Blogothèque | 00:09:14 | http://youtu.be/qGcLhHbGrIg", "context": "#polska"}
{"ts": 1787156894.3178637, "user": "penguin", "text": "eata Anjou pear", "context": "^ILLUMINATI^awareness"}
{"ts": 1787156919.5989008, "user": "augmental", "text": "tips cowboy hat", "context": "+BlackMetal+"}
{"ts": 1787156927.6533844, "user": "krotka", "text": "* Elka - krolowa oszustow😱😱💙💛 Czy to najbardziej niemila oszusta na swiecie ? | Rozmowy z oszustami 2026 | 00:17:21 | http://youtu.be/5K18BuhzZyY", "context": "#polska"}
{"ts": 1787156944.7408943, "user": "Psico", "text": "boceja", "context": "Brasil"}
{"ts": 1787156963.2561555, "user": "augmental", "text": "twirls rope while on horse", "context": "+BlackMetal+"}
{"ts": 1787157014.7183938, "user": "UAP UFO SLSK EXPERT 2027", "text": "puts joks inside a tnt barrel", "context": "+BlackMetal+"}
{"ts": 1787157038.1423004, "user": "krotka", "text": "* Brent Amaker And The Rodeo - Wanted (Official Video) | Brent Amaker | 00:03:08 | http://youtu.be/GHvRdJqpwb4", "context": "#polska"}
{"ts": 1787157072.562274, "user": "Birex", "text": "está ouvindo: DJ BoBo - Return To Silence", "context": "Brasil"}
{"ts": 1787157079.4640892, "user": "augmental", "text": "buries Jokker dressed like a clown", "context": "+BlackMetal+"}
{"ts": 1787157084.3551052, "user": "augmental", "text": "sheds tears", "context": "+BlackMetal+"}
{"ts": 1787157356.3856702, "user": "Birex", "text": "está ouvindo: Captain Hollywood Project - Sea Of Dreams", "context": "Brasil"}
{"ts": 1787157655.4098468, "user": "emPathetic", "text": "sniffs and makes out with fen", "context": "! ! LGBTQ+ ! !"}
{"ts": 1787157693.4119296, "user": "Birex", "text": "está ouvindo: Magic Affair - Omen III (Instrumental Version)", "context": "Brasil"}
{"ts": 1787157758.2205358, "user": "LordAntigone_", "text": "vous regarde en riant", "context": "#La France"}
{"ts": 1787157792.0460353, "user": "emPathetic", "text": "sniffs fen again, kissing her all over and calling her pretty out of spite", "context": "! ! LGBTQ+ ! !"}
{"ts": 1787158162.677294, "user": "Birex", "text": "está ouvindo: Netinho - A Vida É Festa (Ao Vivo)", "context": "Brasil"}
{"ts": 1787158323.4285362, "user": "augmental", "text": "staggers back", "context": "+BlackMetal+"}
{"ts": 1787158329.4320912, "user": "Birex", "text": "está ouvindo: Bomfunk MC's - Uprocking Beats (Radio Edit)", "context": "Brasil"}
{"ts": 1787158548.595548, "user": "Birex", "text": "está ouvindo: System F - Out Of The Blue (Radio Edit)", "context": "Brasil"}
{"ts": 1787158635.793707, "user": "BlackRadio", "text": "np : Dr Know - Watch it Burn", "context": "+BlackMetal+"}
{"ts": 1787158787.7259567, "user": "Birex", "text": "está ouvindo: Genesis - That's All", "context": "Brasil"}
{"ts": 1787159048.255354, "user": "Birex", "text": "está ouvindo: New Radicals - You Get What You Give", "context": "Brasil"}
{"ts": 1787159202.7294164, "user": "dami", "text": "pees on ratmobile", "context": "+BlackMetal+"}
{"ts": 1787159348.322076, "user": "Birex", "text": "está ouvindo: Full Speed - Star (Original Club Mix)", "context": "Brasil"}
{"ts": 1787159574.5975103, "user": "kurrrak", "text": "kolacja", "context": "#polska"}
{"ts": 1787159610.430363, "user": "dami", "text": "pees on hell.", "context": "+BlackMetal+"}
{"ts": 1787159706.1201959, "user": "LokiCreative", "text": "has unlocked you.", "context": "! ! LGBTQ+ ! !"}
{"ts": 1787159730.5780306, "user": "CoRTeX", "text": "np Mustan Kuun Lapset - Toisten Laskettua Seppeleet", "context": "+BlackMetal+"}
{"ts": 1787159751.002382, "user": "Birex", "text": "está ouvindo: Zeca Pagodinho - Vai Vadiar", "context": "Brasil"}
{"ts": 1787159957.7297146, "user": "dami", "text": "googles favorite songs of thick ass goth chicks with tatts", "context": "+BlackMetal+"}
{"ts": 1787159994.6572506, "user": "Birex", "text": "está ouvindo: Alexia - Summer Is Crazy", "context": "Brasil"}
{"ts": 1787160087.5644617, "user": "dj haunted traphouse xiii", "text": "+ \" VVV\\'VVV.\" +", "context": "! ! LGBTQ+ ! !"}
{"ts": 1787160253.3753078, "user": "Birex", "text": "está ouvindo: Cazuza - Bete Balanço", "context": "Brasil"}
{"ts": 1787160285.2232397, "user": "ratmobile", "text": "np jah mason - aint no chain", "context": "+BlackMetal+"}
{"ts": 1787160354.6743236, "user": "dami", "text": "tosses Jokker out", "context": "+BlackMetal+"}
{"ts": 1787160462.7474513, "user": "Birex", "text": "está ouvindo: Des'ree - Life", "context": "Brasil"}
{"ts": 1787160507.028439, "user": "ratmobile", "text": "np 3.6 - casisdead", "context": "+BlackMetal+"}
{"ts": 1787160533.6640081, "user": "krotka", "text": "* Get eeeeemmm! @OfficialRedman | Method Man | 00:00:42 | http://youtu.be/Jkjkjo7zmDE", "context": "#polska"}
{"ts": 1787160599.709649, "user": "augmental", "text": "leaves", "context": "+BlackMetal+"}
{"ts": 1787160612.9124708, "user": "augmental", "text": "waves to INMA", "context": "+BlackMetal+"}
{"ts": 1787160644.5403526, "user": "Inmaculada represion", "text": "waves back", "context": "+BlackMetal+"}
{"ts": 1787160667.822163, "user": "Birex", "text": "está ouvindo: Michael Bolton - Summertime", "context": "Brasil"}
{"ts": 1787160936.6535907, "user": "Birex", "text": "está ouvindo: George Michael - Tonight", "context": "Brasil"}
{"ts": 1787161070.5901396, "user": ":=)", "text": "Q1. 19, 20, 21 & 22: The USAF's Stealth fighter aircraft known as the F-22 also bears the name of this \"robbing\" dinosaur ?", "context": "+BlackMetal+"}
{"ts": 1787161072.6172044, "user": ":=)", "text": "Hint1: *** ******", "context": "+BlackMetal+"}
{"ts": 1787161085.0052724, "user": ":=)", "text": "Hint2: t** R*****", "context": "+BlackMetal+"}
{"ts": 1787161109.443873, "user": ":=)", "text": "Q2. Music: 80's Chart Toppers: ______ Turner - Typical Male?", "context": "+BlackMetal+"}
{"ts": 1787161110.448787, "user": ":=)", "text": "Hint1: ****", "context": "+BlackMetal+"}
{"ts": 1787161135.9028828, "user": ":=)", "text": "Q3. Blockbusters: What \"W\" Means Feeble And Is Often Applied To Knees?", "context": "+BlackMetal+"}
{"ts": 1787161137.7824047, "user": ":=)", "text": "Hint1: ****", "context": "+BlackMetal+"}
{"ts": 1787161164.6184585, "user": ":=)", "text": "Q4. What South American Burrowing Animal Has A Body Encased In Bony Plates?", "context": "+BlackMetal+"}
{"ts": 1787161165.7745762, "user": ":=)", "text": "Hint1: *********", "context": "+BlackMetal+"}
{"ts": 1787161180.1754067, "user": ":=)", "text": "Hint2: A**a*i**o", "context": "+BlackMetal+"}
{"ts": 1787161203.7553315, "user": ":=)", "text": "Q5. Music: Name The Artist/band That Recorded This Song: Out Of Control (frey/henley/nexon)?", "context": "+BlackMetal+"}
{"ts": 1787161204.9061713, "user": ":=)", "text": "Hint1: *** ******", "context": "+BlackMetal+"}
{"ts": 1787161232.1739643, "user": ":=)", "text": "Q6. Geography & Nature: The Feathers Of Which Bird Were Traditionally Used For Quill Pens?", "context": "+BlackMetal+"}
{"ts": 1787161233.2903826, "user": ":=)", "text": "Hint1: *****", "context": "+BlackMetal+"}
{"ts": 1787161242.2835295, "user": "skeletronprime", "text": "fistbumps back", "context": "! ! LGBTQ+ ! !"}
{"ts": 1787161247.1351855, "user": ":=)", "text": "Hint2: G****", "context": "+BlackMetal+"}
{"ts": 1787161274.7697399, "user": ":=)", "text": "Q7. SHAKESPEAREAN ACTORS: How fitting that she starred in \"Twelfth Night\" in 2009--she has the same name as Shakespeare's wife ?", "context": "+BlackMetal+"}
{"ts": 1787161275.6962755, "user": ":=)", "text": "Hint1: **** ********", "context": "+BlackMetal+"}
{"ts": 1787161289.9120445, "user": ":=)", "text": "Hint2: A**e *a**a*a*", "context": "+BlackMetal+"}
{"ts": 1787161317.6297326, "user": ":=)", "text": "Q8. KAOS: Clue (Tm) Murder Weapons \"6 Answers!\"", "context": "+BlackMetal+"}
{"ts": 1787161319.462611, "user": ":=)", "text": "Hint1: ******** | ****** | **** **** | **** | *********** | ******", "context": "+BlackMetal+"}
{"ts": 1787161322.6047971, "user": "krotka", "text": "* Unikatowe ujecia – taki Wroclaw byl w marcu 1989 – Retro TVP3 Wroclaw | Retro TVP3 Wroclaw | 00:03:52 | http://youtu.be/6NJz58ACFMw", "context": "#polska"}
{"ts": 1787161333.1015341, "user": ":=)", "text": "Hint2: Rev***** | Da**** | Lea* **** | R*** | Can******** | Wr****", "context": "+BlackMetal+"}
{"ts": 1787161348.3226683, "user": ":=)", "text": "Hint3: Revo**e* | Da**e* | Lea* *i*e | Ro*e | Can**e**i** | Wre***", "context": "+BlackMetal+"}
{"ts": 1787161356.3245454, "user": "Birex", "text": "está ouvindo: E-Rotic - Help Me Dr. Dick", "context": "Brasil"}
{"ts": 1787161389.0616987, "user": ":=)", "text": "Q9. UnScramble This Word: l i u l g i y t ?", "context": "+BlackMetal+"}
{"ts": 1787161390.141563, "user": ":=)", "text": "Hint1: ********", "context": "+BlackMetal+"}
{"ts": 1787161404.3927355, "user": ":=)", "text": "Hint2: *ui**i**", "context": "+BlackMetal+"}
{"ts": 1787161439.0572946, "user": ":=)", "text": "Q10. THE ARABS: The first Gulf War caused a rift in this organization of which Iraq was 1 of 7 founding members in 1945 ?", "context": "+BlackMetal+"}
{"ts": 1787161440.0116572, "user": ":=)", "text": "Hint1: *** **** ******", "context": "+BlackMetal+"}
{"ts": 1787161453.5263505, "user": ":=)", "text": "Hint2: **e A*a* *ea*ue", "context": "+BlackMetal+"}
{"ts": 1787161482.2114542, "user": ":=)", "text": "Q11. RIVERS: The Indus starts in these mountains ?", "context": "+BlackMetal+"}
{"ts": 1787161483.2813919, "user": ":=)", "text": "Hint1: *********", "context": "+BlackMetal+"}
{"ts": 1787161511.1460915, "user": ":=)", "text": "Q12. POPES NAMED GREGORY: Gregory XIII is famous for his revision of this in 1582 ?", "context": "+BlackMetal+"}
{"ts": 1787161512.1828973, "user": ":=)", "text": "Hint1: *** ********", "context": "+BlackMetal+"}
{"ts": 1787161526.2998648, "user": ":=)", "text": "Hint2: T** C*******", "context": "+BlackMetal+"}
{"ts": 1787161541.750989, "user": ":=)", "text": "Hint3: T*e Ca*e**a*", "context": "+BlackMetal+"}
{"ts": 1787161576.7827568, "user": "Birex", "text": "está ouvindo: Raul Seixas - Rock Das ''Aranha''", "context": "Brasil"}
{"ts": 1787161582.7763293, "user": ":=)", "text": "Q13. History: Who led the Luftwaffe in the Second World War?", "context": "+BlackMetal+"}
{"ts": 1787161583.8332717, "user": ":=)", "text": "Hint1: ******* *******", "context": "+BlackMetal+"}
{"ts": 1787161591.683229, "user": "augmental", "text": "calls the pope", "context": "+BlackMetal+"}
{"ts": 1787161616.458546, "user": ":=)", "text": "Q14. Animals: What Is The Largest Cat On Earth?", "context": "+BlackMetal+"}
{"ts": 1787161617.3353245, "user": ":=)", "text": "Hint1: *****", "context": "+BlackMetal+"}
{"ts": 1787161646.0114322, "user": ":=)", "text": "Q15. GEE, I'M A TREE: Species of this evergreen include the aleppo, limber & loblolly ?", "context": "+BlackMetal+"}
{"ts": 1787161647.2203712, "user": ":=)", "text": "Hint1: ****", "context": "+BlackMetal+"}
{"ts": 1787161665.439016, "user": "augmental", "text": "throws table", "context": "+BlackMetal+"}
{"ts": 1787161676.4891353, "user": ":=)", "text": "Q16. OUT OF TOWN GUESTS: Bienvenidos amigos who have made it all the way from Mexico... from Monterrey & this dog-named city founded in 1709 ?", "context": "+BlackMetal+"}
{"ts": 1787161677.6318934, "user": ":=)", "text": "Hint1: *********", "context": "+BlackMetal+"}
{"ts": 1787161687.0172875, "user": "Birex", "text": "está ouvindo: Virtual Girl - All I Need", "context": "Brasil"}
{"ts": 1787161711.5762694, "user": ":=)", "text": "Q17. Geography: The World's Largest Religious Monument Is In Which Country?", "context": "+BlackMetal+"}
{"ts": 1787161712.64124, "user": ":=)", "text": "Hint1: ********", "context": "+BlackMetal+"}
{"ts": 1787161725.9840887, "user": ":=)", "text": "Hint2: Cam*****", "context": "+BlackMetal+"}
{"ts": 1787161750.7062302, "user": ":=)", "text": "Q18. KAOS: Geography: The Five Main Islands of Hawaii \"5 Answers!\"", "context": "+BlackMetal+"}
{"ts": 1787161751.7840471, "user": ":=)", "text": "Hint1: ****** | **** | **** | ***** | *******", "context": "+BlackMetal+"}
{"ts": 1787161765.2141073, "user": ":=)", "text": "Hint2: *a*aii | *aui | Oa*u | *auai | *o*o*ai", "context": "+BlackMetal+"}
{"ts": 1787161779.9095225, "user": ":=)", "text": "Hint3: Ha*aii | Maui | Oa*u | Kauai | Mo*o*ai", "context": "+BlackMetal+"}
{"ts": 1787161818.6847813, "user": "the organium", "text": "Sounds of :  𝙇𝙞𝙢𝙖𝙝𝙡 - 𝙉𝙚𝙫𝙚𝙧 𝙀𝙣𝙙𝙞𝙣𝙜 𝙎𝙩𝙤𝙧𝙮  : ₙₒᵂ ᶠᵢₗₗ ₜₕₑ ₐᵢᵣ", "context": "+BlackMetal+"}
{"ts": 1787161820.703597, "user": ":=)", "text": "Q19. JULIE & JULIA: This French actress has played Celine in a trilogy of films ?", "context": "+BlackMetal+"}
{"ts": 1787161821.8257277, "user": ":=)", "text": "Hint1: ***** *****", "context": "+BlackMetal+"}
{"ts": 1787161836.0281436, "user": ":=)", "text": "Hint2: J**** D****", "context": "+BlackMetal+"}
{"ts": 1787161851.339699, "user": ":=)", "text": "Hint3: Ju*ie De***", "context": "+BlackMetal+"}
{"ts": 1787161890.6925948, "user": ":=)", "text": "Q20. The City Of Gothenburg Is In Which Country?", "context": "+BlackMetal+"}
{"ts": 1787161891.6364293, "user": ":=)", "text": "Hint1: ******", "context": "+BlackMetal+"}
{"ts": 1787161901.7532432, "user": "augmental", "text": "is sad", "context": "+BlackMetal+"}
{"ts": 1787161918.1153986, "user": ":=)", "text": "Q21. HEMINGWAY: (Aaron: Which is a new series from Ken Burns that begins today on PBS.) (Ken Burns narrates the clue.) An anecdote in the 1936 Esquire piece was the basis for this 1952 bestseller that brought Hemingway new acclaim ?", "context": "+BlackMetal+"}
{"ts": 1787161919.2757804, "user": ":=)", "text": "Hint1: *** *** *** *** *** ***", "context": "+BlackMetal+"}
{"ts": 1787161941.8708525, "user": "Labubu -166 by Jolly .J", "text": "opens poop portal to summon a bast", "context": "^ILLUMINATI^awareness"}
{"ts": 1787161952.779028, "user": ":=)", "text": "Q22. \"PIC\" ME!: On offense, John Stockton & Karl Malone were masters of this 3-word basketball play ?", "context": "+BlackMetal+"}
{"ts": 1787161953.8951263, "user": ":=)", "text": "Hint1: **** *** ****", "context": "+BlackMetal+"}
{"ts": 1787161981.8939855, "user": "Birex", "text": "está ouvindo: Maria Bethânia - Sábado Em Copacabana", "context": "Brasil"}
{"ts": 1787162118.068726, "user": "augmental", "text": "cheers", "context": "+BlackMetal+"}
{"ts": 1787162122.1276562, "user": "Lemurian", "text": "Ozric Tentacles - Sploosh! \"wow wowowwaaaoohh wowowhahwowhwwow\"", "context": "/mu/"}
{"ts": 1787162148.8306148, "user": "Birex", "text": "está ouvindo: Maria McKee - Show Me Heaven", "context": "Brasil"}
{"ts": 1787162162.1562128, "user": "augmental", "text": "shakes with rage", "context": "+BlackMetal+"}
{"ts": 1787162191.8522427, "user": "N_agonised", "text": "-=> Hypocrisy - [The Fourth Dimension 1994 / 1995 #05] Black Forest  <>  MP3 320kbps", "context": "#polska"}
{"ts": 1787162365.614346, "user": "Birex", "text": "está ouvindo: Tina Turner - Paradise Is Here", "context": "Brasil"}
{"ts": 1787162430.4367068, "user": "krotka", "text": "* Paled Empty Sphere | Hypocrisy - Topic | 00:06:14 | http://youtu.be/-rYTx8nyCDQ", "context": "#polska"}
{"ts": 1787162466.3960373, "user": "N_agonised", "text": "-=> Hypocrisy - [The Fourth Dimension 1994 / 1995 #06] Never To Return  <>  MP3 320kbps", "context": "#polska"}
{"ts": 1787162479.9132447, "user": "krotka", "text": "* \"Hypocrisy\" by HanStor [ALL COINS] | Geometry Dash Daily #522 [2.11] | Hema [GD] | 00:01:27 | http://youtu.be/uEzGUncPeUI", "context": "#polska"}
{"ts": 1787162488.8231587, "user": "Inmaculada represion", "text": "laughs at everyone ringing that phone", "context": "+BlackMetal+"}
{"ts": 1787162517.3975334, "user": "krotka", "text": "* Elastic Inverted Vision | Hypocrisy - Topic | 00:06:14 | http://youtu.be/4NN0FSg7S38", "context": "#polska"}
{"ts": 1787162575.0577385, "user": "Skaarj", "text": "np: A Skeleton in the Closet - Anthrax - Among The Living", "context": "+BlackMetal+"}
{"ts": 1787162663.4648306, "user": "Birex", "text": "está ouvindo: Ray Conniff - My Way (Comme D'habitude)", "context": "Brasil"}
{"ts": 1787162666.3605494, "user": "krotka", "text": "* Coma - Spadam | ComaVEVO | 00:03:45 | http://youtu.be/JmKLT59cTIc", "context": "#polska"}
{"ts": 1787162701.1628594, "user": "the organium", "text": "Sounds of :  𝙎𝙥𝙖𝙣𝙙𝙖𝙪 𝘽𝙖𝙡𝙡𝙚𝙩 - 𝙏𝙧𝙪𝙚  : ₙₒᵂ ᶠᵢₗₗ ₜₕₑ ₐᵢᵣ", "context": "+BlackMetal+"}
{"ts": 1787162723.5176756, "user": "CoRTeX", "text": "slaps the organium", "context": "+BlackMetal+"}
{"ts": 1787162761.2524633, "user": "the organium", "text": "cries loudly and angrily", "context": "+BlackMetal+"}
{"ts": 1787162875.5513375, "user": "Odbyciarz5000", "text": "k. z.", "context": "#polska"}
{"ts": 1787162891.1839132, "user": "dj haunted traphouse xiii", "text": "np: Alinah - [Crows Crows Crows Crows, (Cass.), 2024] // A1 - Crows Crows Crows Crows (01:38)", "context": "noise"}
{"ts": 1787162898.3900917, "user": "dj haunted traphouse xiii", "text": "np: Alinah - [Crows Crows Crows Crows, (Cass.), 2024] // A1 - Crows Crows Crows Crows (01:38)", "context": "+BlackMetal+"}
{"ts": 1787162902.2109494, "user": "dj haunted traphouse xiii", "text": "np: Alinah - [Crows Crows Crows Crows, (Cass.), 2024] // A1 - Crows Crows Crows Crows (01:38)", "context": "! ! LGBTQ+ ! !"}
{"ts": 1787162905.1004963, "user": "dj haunted traphouse xiii", "text": "np: Alinah - [Crows Crows Crows Crows, (Cass.), 2024] // A1 - Crows Crows Crows Crows (01:38)", "context": "indie"}
{"ts": 1787162935.8346357, "user": "EmanciporReese", "text": "ksiazece porter", "context": "#polska"}
{"ts": 1787162979.9769163, "user": "Birex", "text": "está ouvindo: Duran Duran - Ordinary World", "context": "Brasil"}
{"ts": 1787162981.948961, "user": "dj haunted traphouse xiii", "text": "np: Alinah - [Crows Crows Crows Crows, (Cass.), 2024] // A2 - Tsunami! (01:15)", "context": "noise"}
{"ts": 1787162987.057138, "user": "dj haunted traphouse xiii", "text": "np: Alinah - [Crows Crows Crows Crows, (Cass.), 2024] // A2 - Tsunami! (01:15)", "context": "+BlackMetal+"}
{"ts": 1787162995.2094066, "user": "dj haunted traphouse xiii", "text": "np: Alinah - [Crows Crows Crows Crows, (Cass.), 2024] // A2 - Tsunami! (01:15)", "context": "! ! LGBTQ+ ! !"}
{"ts": 1787163003.3427923, "user": "Inmaculada represion", "text": "999- emergency", "context": "+BlackMetal+"}
{"ts": 1787163005.4522574, "user": "dj haunted traphouse xiii", "text": "np: Alinah - [Crows Crows Crows Crows, (Cass.), 2024] // A2 - Tsunami! (01:15)", "context": "indie"}
{"ts": 1787163077.4315906, "user": "dj haunted traphouse xiii", "text": "np: Alinah - [Crows Crows Crows Crows, (Cass.), 2024] // A3 - Aliens (02:27)", "context": "noise"}
{"ts": 1787163083.6964083, "user": "dj haunted traphouse xiii", "text": "np: Alinah - [Crows Crows Crows Crows, (Cass.), 2024] // A3 - Aliens (02:27)", "context": "+BlackMetal+"}
{"ts": 1787163086.6577427, "user": "dj haunted traphouse xiii", "text": "np: Alinah - [Crows Crows Crows Crows, (Cass.), 2024] // A3 - Aliens (02:27)", "context": "! ! LGBTQ+ ! !"}
{"ts": 1787163091.7710397, "user": "dj haunted traphouse xiii", "text": "np: Alinah - [Crows Crows Crows Crows, (Cass.), 2024] // A3 - Aliens (02:27)", "context": "indie"}
{"ts": 1787163093.8759606, "user": "N_agonised", "text": "-=> Hypocrisy - [The Fourth Dimension 1994 / 1995 #08] Slaughtered  <>  MP3 320kbps", "context": "#polska"}
{"ts": 1787163118.5691788, "user": "the organium", "text": "Sounds of :  𝙅𝙤𝙚 𝙅𝙖𝙘𝙠𝙨𝙤𝙣 - 𝙎𝙩𝙚𝙥𝙥𝙞𝙣' 𝙊𝙪𝙩  : ₙₒᵂ ᶠᵢₗₗ ₜₕₑ ₐᵢᵣ", "context": "+BlackMetal+"}
{"ts": 1787163127.5948393, "user": "CoRTeX", "text": "np Horrid Visceral Extraction – Diluyendo Cuerpos En Acido Sulfurico", "context": "+BlackMetal+"}
{"ts": 1787163201.7110052, "user": "dj haunted traphouse xiii", "text": "np: Alinah - [Crows Crows Crows Crows, (Cass.), 2024] // A4 - Life Is My Darling (01:55)", "context": "noise"}
{"ts": 1787163203.5986078, "user": "krotka", "text": "* SANAH - \"ALE JAZZ!\". Nowa wersja utworu! | TVN Talent Show | 00:02:27 | http://youtu.be/2XjrWofeRME", "context": "#polska"}
{"ts": 1787163210.6457899, "user": "dj haunted traphouse xiii", "text": "np: Alinah - [Crows Crows Crows Crows, (Cass.), 2024] // A4 - Life Is My Darling (01:55)", "context": "+BlackMetal+"}
{"ts": 1787163213.629933, "user": "dj haunted traphouse xiii", "text": "np: Alinah - [Crows Crows Crows Crows, (Cass.), 2024] // A4 - Life Is My Darling (01:55)", "context": "! ! LGBTQ+ ! !"}
{"ts": 1787163216.9025996, "user": "dj haunted traphouse xiii", "text": "np: Alinah - [Crows Crows Crows Crows, (Cass.), 2024] // A4 - Life Is My Darling (01:55)", "context": "indie"}
{"ts": 1787163260.1641066, "user": "Birex", "text": "está ouvindo: Whigfield - Close To You", "context": "Brasil"}
{"ts": 1787163313.7738457, "user": "*(beatz)", "text": "🎧 :  Inland Knights - Caught Up [Drop Music]", "context": "HOUSE MUSIC LOVERS (AG)"}
{"ts": 1787163341.3441553, "user": "the organium", "text": "Sounds of :  𝙏𝙝𝙤𝙢𝙥𝙨𝙤𝙣 𝙏𝙬𝙞𝙣𝙨 - 𝙃𝙤𝙡𝙙 𝙈𝙚 𝙉𝙤𝙬  : ₙₒᵂ ᶠᵢₗₗ ₜₕₑ ₐᵢᵣ", "context": "+BlackMetal+"}
{"ts": 1787163549.5210347, "user": "Birex", "text": "está ouvindo: Fernanda Abreu - Você Pra Mim", "context": "Brasil"}
{"ts": 1787163571.2384465, "user": "dami", "text": "sings i had to tell ya, it's now or never....so much for closure, i lost composure", "context": "+BlackMetal+"}
{"ts": 1787163578.2779057, "user": "dami", "text": "twangs guitar", "context": "+BlackMetal+"}
{"ts": 1787163621.779269, "user": "the organium", "text": "Sounds of :  𝘼-𝙝𝙖 - 𝙏𝙖𝙠𝙚 𝙊𝙣 𝙈𝙚  : ₙₒᵂ ᶠᵢₗₗ ₜₕₑ ₐᵢᵣ", "context": "+BlackMetal+"}
{"ts": 1787163675.2286828, "user": "dj haunted traphouse xiii", "text": "np: ...And Sometimes I - [Self-Titled, (7\"), 2000] // Wardrobe (01:49)", "context": "noise"}
{"ts": 1787163686.3597353, "user": "dj haunted traphouse xiii", "text": "np: ...And Sometimes I - [Self-Titled, (7\"), 2000] // Wardrobe (01:49)", "context": "+BlackMetal+"}
{"ts": 1787163690.2766232, "user": "dj haunted traphouse xiii", "text": "np: ...And Sometimes I - [Self-Titled, (7\"), 2000] // Wardrobe (01:49)", "context": "! ! LGBTQ+ ! !"}
{"ts": 1787163700.681344, "user": "dj haunted traphouse xiii", "text": "np: ...And Sometimes I - [Self-Titled, (7\"), 2000] // Wardrobe (01:49)", "context": "indie"}
{"ts": 1787163717.0589814, "user": "Lemurian", "text": "The Mandrake Memorial - Earthfriend \"The roads are imagination, they made it that way...\"", "context": "/mu/"}
{"ts": 1787163755.2589922, "user": "*(beatz)", "text": "🎧 :  Hermann Bravo - Dance Disorder [Six Sound Records]", "context": "HOUSE MUSIC LOVERS (AG)"}
{"ts": 1787163790.8871076, "user": "dj haunted traphouse xiii", "text": "np: ...And Sometimes I - [Self-Titled, (7\"), 2000] // Ski Masks Mean I'm Invincible (01:30)", "context": "noise"}
{"ts": 1787163801.1601229, "user": "dj haunted traphouse xiii", "text": "np: ...And Sometimes I - [Self-Titled, (7\"), 2000] // Ski Masks Mean I'm Invincible (01:30)", "context": "+BlackMetal+"}
{"ts": 1787163803.1006732, "user": "dj haunted traphouse xiii", "text": "np: ...And Sometimes I - [Self-Titled, (7\"), 2000] // Ski Masks Mean I'm Invincible (01:30)", "context": "! ! LGBTQ+ ! !"}
{"ts": 1787163807.4284294, "user": "dj haunted traphouse xiii", "text": "np: ...And Sometimes I - [Self-Titled, (7\"), 2000] // Ski Masks Mean I'm Invincible (01:30)", "context": "indie"}
{"ts": 1787163814.5152032, "user": "Birex", "text": "está ouvindo: 666 - Bomba (Radio Version)", "context": "Brasil"}
{"ts": 1787163873.2160015, "user": "dj haunted traphouse xiii", "text": "np: ...And Sometimes I - [Self-Titled, (7\"), 2000] // Lukewarm (02:23)", "context": "noise"}
{"ts": 1787163880.3862388, "user": "dj haunted traphouse xiii", "text": "np: ...And Sometimes I - [Self-Titled, (7\"), 2000] // Lukewarm (02:23)", "context": "+BlackMetal+"}
{"ts": 1787163886.4445457, "user": "dj haunted traphouse xiii", "text": "np: ...And Sometimes I - [Self-Titled, (7\"), 2000] // Lukewarm (02:23)", "context": "! ! LGBTQ+ ! !"}
{"ts": 1787163890.6113746, "user": "dj haunted traphouse xiii", "text": "np: ...And Sometimes I - [Self-Titled, (7\"), 2000] // Lukewarm (02:23)", "context": "indie"}
{"ts": 1787163943.0406902, "user": "spir", "text": "cries and stomps", "context": "+BlackMetal+"}
{"ts": 1787164037.7413948, "user": "Birex", "text": "está ouvindo: Yves Larock Feat. Jaba - By Your Side (Radio Edit)", "context": "Brasil"}
{"ts": 1787164081.8863313, "user": "*(beatz)", "text": "🎧 :  Bjoint - Big Dripping [Materialism]", "context": "HOUSE MUSIC LOVERS (AG)"}
{"ts": 1787164215.7690578, "user": "the organium", "text": "sneezes", "context": "+BlackMetal+"}
{"ts": 1787164230.8840387, "user": "the organium", "text": "sips tea", "context": "+BlackMetal+"}
{"ts": 1787164243.9616394, "user": "Birex", "text": "está ouvindo: Scorpions - No One Like You", "context": "Brasil"}
{"ts": 1787164278.7961102, "user": "emPathetic", "text": "kisses fen and sniffs her more (again)", "context": "! ! LGBTQ+ ! !"}
{"ts": 1787164479.6003306, "user": "Birex", "text": "está ouvindo: Lasgo - Something", "context": "Brasil"}
{"ts": 1787164499.2835407, "user": "*(beatz)", "text": "🎧 :  Sebastian Weber, Tito Jara - Want Some More [Genesis BA]", "context": "HOUSE MUSIC LOVERS (AG)"}
{"ts": 1787164598.0347083, "user": "augmental", "text": "blow whistle", "context": "+BlackMetal+"}
{"ts": 1787164699.7025838, "user": "Birex", "text": "está ouvindo: Andy Williams - Sweet Memories", "context": "Brasil"}
{"ts": 1787164879.8976698, "user": "Birex", "text": "está ouvindo: The Alan Parsons Project - Eye In The Sky", "context": "Brasil"}
{"ts": 1787164899.3675537, "user": "kurrrak", "text": "rumianek", "context": "#polska"}
{"ts": 1787164966.1514666, "user": "Lemurian", "text": "Rovo - Guiding Star (2002) #psychedelic", "context": "/mu/"}
{"ts": 1787165005.2234745, "user": "the organium", "text": "Sounds of :  𝘾𝙖𝙧𝙥𝙖𝙩𝙝𝙞𝙖𝙣 𝙁𝙤𝙧𝙚𝙨𝙩 - 𝘽𝙡𝙤𝙤𝙙𝙡𝙪𝙨𝙩 𝙖𝙣𝙙 𝙥𝙚𝙧𝙫𝙚𝙧𝙨𝙞𝙤𝙣  : ₙₒᵂ ᶠᵢₗₗ ₜₕₑ ₐᵢᵣ", "context": "+BlackMetal+"}
{"ts": 1787165070.2463596, "user": "amorphis", "text": "np Метал лайк  - Легион - Мир под секретом", "context": "RUSSIA"}
{"ts": 1787165154.5511522, "user": "Birex", "text": "está ouvindo: Gloria Gaynor - I Will Survive (Dance Version)", "context": "Brasil"}
{"ts": 1787165191.7250469, "user": "CoRTeX", "text": "np Bodily Wastes - Taking A Mud Bath With The Help Of Several Vomiting Assistants", "context": "+BlackMetal+"}
{"ts": 1787165205.3130543, "user": "krotka", "text": "* R.I.P. Ennio Morricone \"Ennio\" Instrumental Album - rap beats based on Morricone's music. | Nitro Beatz Instrumentals | 00:17:51 | http://youtu.be/DYbjgaaS0AU", "context": "#polska"}
{"ts": 1787165237.40111, "user": "Future Somebody", "text": "cries as hes growing older", "context": "+BlackMetal+"}
{"ts": 1787165284.3679569, "user": "amorphis", "text": "np Metallwish  - Theatre of Tragedy - Cassandra & Der Tanz Der Schatten live Kraków (2000) ᴴᴰ", "context": "RUSSIA"}
{"ts": 1787165372.6067743, "user": "Birex", "text": "está ouvindo: Timbaland Feat. One Republic - Apologize", "context": "Brasil"}
{"ts": 1787165373.7805965, "user": "CoRTeX", "text": "rolls a blunt", "context": "+BlackMetal+"}
{"ts": 1787165391.0127223, "user": "UAP UFO SLSK EXPERT 2027", "text": "no the coors - strong men sont cry", "context": "+BlackMetal+"}
{"ts": 1787165491.901451, "user": "the organium", "text": "Sounds of :  𝘾𝙖𝙧𝙥𝙖𝙩𝙝𝙞𝙖𝙣 𝙁𝙤𝙧𝙚𝙨𝙩 - 𝙏𝙝𝙚 𝙬𝙤𝙤𝙙𝙨 𝙤𝙛 𝙬𝙖𝙡𝙡𝙖𝙘𝙝𝙞𝙖  : ₙₒᵂ ᶠᵢₗₗ ₜₕₑ ₐᵢᵣ", "context": "+BlackMetal+"}
{"ts": 1787165556.727983, "user": "Birex", "text": "está ouvindo: DJ Miko - What's Up", "context": "Brasil"}
{"ts": 1787165802.8362198, "user": "Birex", "text": "está ouvindo: Duran Duran - The Reflex", "context": "Brasil"}
{"ts": 1787165838.673634, "user": "the organium", "text": "Sounds of :  𝘾𝙖𝙧𝙥𝙖𝙩𝙝𝙞𝙖𝙣 𝙁𝙤𝙧𝙚𝙨𝙩 - 𝙅𝙤𝙪𝙧𝙣𝙚𝙮 𝙏𝙝𝙧𝙤𝙪𝙜𝙝 𝙏𝙝𝙚 𝘾𝙤𝙡𝙙 𝙈𝙤𝙤𝙧𝙨 𝙊𝙛 𝙎𝙫𝙖𝙧𝙩𝙩𝙟𝙚𝙧𝙣  : ₙₒᵂ ᶠᵢₗₗ ₜₕₑ ₐᵢᵣ", "context": "+BlackMetal+"}
{"ts": 1787165906.531242, "user": "krotka", "text": "* Singing P - The Great Conman (Scorcher Records) 1994 | Reggae Nineties (And Early 2000's) | 00:03:23 | http://youtu.be/076sNiro0wc", "context": "#polska"}
{"ts": 1787166013.532569, "user": "krotka", "text": "* Trippy 2 by High Labs - Video-Recenzja PL - VapoManiak [4K] | VapoManiak | 00:21:56 | http://youtu.be/UlHH5Ldkn9o", "context": "#polska"}
{"ts": 1787166063.7494988, "user": "Birex", "text": "está ouvindo: The Smiths - The Boy With The Thorn In His Side", "context": "Brasil"}
{"ts": 1787166065.868421, "user": "BiAuY@Mobile", "text": "weed and Linux", "context": "Linux"}
{"ts": 1787166078.412694, "user": "the organium", "text": "walks out to the highway to score some ditch weed", "context": "+BlackMetal+"}
{"ts": 1787166125.7252336, "user": "krotka", "text": "* Trippy 2 by High Labs - Video-Recenzja PL - VapoManiak [4K] | VapoManiak | 00:21:56 | http://youtu.be/UlHH5Ldkn9o", "context": "#polska"}
{"ts": 1787166163.7170093, "user": "Alien OG 1", "text": "to wacikowe sumienie alkoholowe.", "context": "#polska"}
{"ts": 1787166172.8827417, "user": "Alien OG 1", "text": "wacika sumienie alkoholika.", "context": "#polska"}
{"ts": 1787166247.6880703, "user": "krotka", "text": "* Jak czyscic Trippy i Trippy 2? - VapoManiak [4K] | VapoManiak | 00:03:18 | http://youtu.be/Q6woIwxsvzo", "context": "#polska"}
{"ts": 1787166258.900691, "user": "Birex", "text": "está ouvindo: Lulu - To Sir With Love", "context": "Brasil"}
{"ts": 1787166277.5205426, "user": "the organium", "text": "Sounds of :  𝘾𝙖𝙧𝙥𝙖𝙩𝙝𝙞𝙖𝙣 𝙁𝙤𝙧𝙚𝙨𝙩 - 𝙏𝙝𝙚 𝙀𝙘𝙡𝙞𝙥𝙨𝙚 - 𝙏𝙝𝙚 𝙍𝙖𝙫𝙚𝙣  : ₙₒᵂ ᶠᵢₗₗ ₜₕₑ ₐᵢᵣ", "context": "+BlackMetal+"}
{"ts": 1787166368.1935465, "user": "CoRTeX", "text": "np Carpathian Forest - Journey Through the Cold Moors of Svarttjern", "context": "+BlackMetal+"}
{"ts": 1787166377.5362775, "user": "krotka", "text": "* In 1989 A Laptop With 2 MB of RAM and 40 MB of Storage Cost $8000 | Roxs Shorts | 00:01:00 | http://youtu.be/swsDdQdp5Sc", "context": "#polska"}
{"ts": 1787166384.7626948, "user": "the organium", "text": "Sounds of :  𝘾𝙖𝙧𝙥𝙖𝙩𝙝𝙞𝙖𝙣 𝙁𝙤𝙧𝙚𝙨𝙩 - 𝙏𝙝𝙚 𝙇𝙖𝙨𝙩 𝙎𝙞𝙜𝙝 𝙊𝙛 𝙉𝙤𝙨𝙩𝙖𝙡𝙜𝙞𝙖  : ₙₒᵂ ᶠᵢₗₗ ₜₕₑ ₐᵢᵣ", "context": "+BlackMetal+"}
{"ts": 1787166391.78861, "user": "BiAuY@Mobile", "text": "* In 1989 A Laptop With 2 MB of RAM and 40 MB of Storage Cost $8000 | Roxs Shorts | 00:01:00 | http://youtu.be/swsDdQdp5Sc", "context": "Linux"}
{"ts": 1787166394.8988223, "user": "tantbot", "text": "| In 1989 A Laptop With 2 MB of RAM and 40 MB of Storage Cost $8000", "context": "Linux"}
{"ts": 1787166407.1515677, "user": "the organium", "text": "hails", "context": "+BlackMetal+"}
{"ts": 1787166422.3186154, "user": "Birex", "text": "está ouvindo: 808 State - Ooops (Maxi Version)", "context": "Brasil"}
{"ts": 1787166481.5738845, "user": "augmental", "text": "laughs like a maniac", "context": "+BlackMetal+"}
{"ts": 1787166702.3921235, "user": "Birex", "text": "está ouvindo: Dama - Singing", "context": "Brasil"}
{"ts": 1787166716.776846, "user": "Lemurian", "text": "Caledonia - Cromagnon (1969) #protodeathmetal", "context": "/mu/"}
{"ts": 1787166742.42734, "user": "the organium", "text": "Sounds of :  𝘾𝙖𝙧𝙥𝙖𝙩𝙝𝙞𝙖𝙣 𝙁𝙤𝙧𝙚𝙨𝙩 - 𝙏𝙝𝙚 𝙋𝙖𝙡𝙚 𝙈𝙞𝙨𝙩 𝙃𝙤𝙫𝙚𝙧𝙨 𝙏𝙤𝙬𝙖𝙧𝙙𝙨 𝙏𝙝𝙚 𝙉𝙞𝙜𝙝𝙩𝙡𝙮 𝙎𝙝𝙤𝙧𝙚𝙨  : ₙₒᵂ ᶠᵢₗₗ ₜₕₑ ₐᵢᵣ", "context": "+BlackMetal+"}
{"ts": 1787166905.1410077, "user": "Birex", "text": "está ouvindo: Odyssey - Face To Face", "context": "Brasil"}
{"ts": 1787166914.3167937, "user": "krotka", "text": "* Spect-R - Aircrash | 19061986 | 00:09:27 | http://youtu.be/_tnUvBRHyKk", "context": "#polska"}
{"ts": 1787166976.0183759, "user": "the organium", "text": "Sounds of :  𝘾𝙖𝙧𝙥𝙖𝙩𝙝𝙞𝙖𝙣 𝙁𝙤𝙧𝙚𝙨𝙩 - 𝙒𝙝𝙚𝙣 𝙏𝙝𝙤𝙪𝙨𝙖𝙣𝙙 𝙈𝙤𝙤𝙣 𝙃𝙖𝙫𝙚 𝘾𝙞𝙧𝙘𝙡𝙚𝙙  : ₙₒᵂ ᶠᵢₗₗ ₜₕₑ ₐᵢᵣ", "context": "+BlackMetal+"}
{"ts": 1787167126.2469852, "user": "Birex", "text": "está ouvindo: Pharao - I Show You Secrets (Radio Version)", "context": "Brasil"}
{"ts": 1787167219.075282, "user": ":=)", "text": "Q1. Which car company make a 4 x 4 model called a Grand Vitara?", "context": "+BlackMetal+"}
{"ts": 1787167220.1510298, "user": ":=)", "text": "Hint1: ******", "context": "+BlackMetal+"}
{"ts": 1787167243.3828168, "user": "krotka", "text": "* Goa Syndrome - From Outer Space   - YouTube.flv | edoardobisso97 | 00:08:46 | http://youtu.be/pX7JIoIGqQg", "context": "#polska"}
{"ts": 1787167249.3573344, "user": ":=)", "text": "Q2. What Word Fits In?: Power______Key", "context": "+BlackMetal+"}
{"ts": 1787167250.515341, "user": ":=)", "text": "Hint1: *****", "context": "+BlackMetal+"}
{"ts": 1787167253.6064138, "user": "T.V. head", "text": "tanczy w kapciach", "context": "#polska"}
{"ts": 1787167263.922931, "user": ":=)", "text": "Hint2: *ou*e", "context": "+BlackMetal+"}
{"ts": 1787167300.911191, "user": ":=)", "text": "Q3. People & Places: What Is A Native Of Newcastle Known As?", "context": "+BlackMetal+"}
{"ts": 1787167302.04008, "user": ":=)", "text": "Hint1: *******", "context": "+BlackMetal+"}
{"ts": 1787167330.850963, "user": ":=)", "text": "Q4. What Were The Girl Scouts Originally Known As?", "context": "+BlackMetal+"}
{"ts": 1787167332.1251066, "user": ":=)", "text": "Hint1: **** ******", "context": "+BlackMetal+"}
{"ts": 1787167363.8946648, "user": ":=)", "text": "Q5. UnScramble This Word: d t l c i e y v i ?", "context": "+BlackMetal+"}
{"ts": 1787167365.9368703, "user": ":=)", "text": "Hint1: *********", "context": "+BlackMetal+"}
{"ts": 1787167368.0801725, "user": "augmental", "text": "flips off the trivia", "context": "+BlackMetal+"}
{"ts": 1787167375.012705, "user": "Birex", "text": "está ouvindo: Ex-Plain - Don't You Know", "context": "Brasil"}
{"ts": 1787167377.9897096, "user": ":=)", "text": "Hint2: Dec******", "context": "+BlackMetal+"}
{"ts": 1787167394.7193763, "user": ":=)", "text": "Hint3: Dec*i*i**", "context": "+BlackMetal+"}
{"ts": 1787167433.8204377, "user": ":=)", "text": "Q6. TITLE FILM ROLES: (Alex: In which you are expected to name the actor.) \"Batman\" (1989) ?", "context": "+BlackMetal+"}
{"ts": 1787167435.0522358, "user": ":=)", "text": "Hint1: ******* ******", "context": "+BlackMetal+"}
{"ts": 1787167470.0917716, "user": ":=)", "text": "Q7. Maths: What is two cubed?", "context": "+BlackMetal+"}
{"ts": 1787167471.1994936, "user": ":=)", "text": "Hint1: *", "context": "+BlackMetal+"}
{"ts": 1787167499.8676977, "user": "krotka", "text": "* Barry Morgan - Global Confrontation | buckbumble | 00:03:50 | http://youtu.be/XIFUFfS2qmU", "context": "#polska"}
{"ts": 1787167502.975974, "user": ":=)", "text": "Q8. KAOS: UnScramble This Word: s l a n g i e \"3 Answers!\"", "context": "+BlackMetal+"}
{"ts": 1787167504.1562958, "user": ":=)", "text": "Hint1: ******* | ******* | *******", "context": "+BlackMetal+"}
{"ts": 1787167517.7325783, "user": ":=)", "text": "Hint2: *ea*i** | *i*a*e* | *ea*i**", "context": "+BlackMetal+"}
{"ts": 1787167533.0613787, "user": ":=)", "text": "Hint3: Lea*i** | Li*a*e* | Sea*i**", "context": "+BlackMetal+"}
{"ts": 1787167571.0078766, "user": ":=)", "text": "Q9. EXPLORERS: Garcia Lopez de Cardenas led the first Europeans to see this Arizona wonder on the Colorado River ?", "context": "+BlackMetal+"}
{"ts": 1787167572.1646945, "user": ":=)", "text": "Hint1: ***** ******", "context": "+BlackMetal+"}
{"ts": 1787167586.4859762, "user": ":=)", "text": "Hint2: Gra** ******", "context": "+BlackMetal+"}
{"ts": 1787167609.1594853, "user": ":=)", "text": "Q10. Scintillating Structural Science: The Group 7 (or 17) Element Fluorine Has The Greatest Ability To Attract Bonding Electrons Towards Itself. This Makes Fluorine The Most What Type Of Element?", "context": "+BlackMetal+"}
{"ts": 1787167610.46113, "user": ":=)", "text": "Hint1: ***************", "context": "+BlackMetal+"}
{"ts": 1787167623.7867692, "user": ":=)", "text": "Hint2: E*e***o*e*a*i*e", "context": "+BlackMetal+"}
{"ts": 1787167639.0098336, "user": ":=)", "text": "Hint3: E*e***o*e*a*i*e", "context": "+BlackMetal+"}
{"ts": 1787167678.9485834, "user": ":=)", "text": "Q11. UnScramble This Word: g d u d a j e ?", "context": "+BlackMetal+"}
{"ts": 1787167680.2113917, "user": ":=)", "text": "Hint1: *******", "context": "+BlackMetal+"}
{"ts": 1787167694.76201, "user": ":=)", "text": "Hint2: A**u**e", "context": "+BlackMetal+"}
{"ts": 1787167702.8692157, "user": "krotka", "text": "* Jak Lukaszenka utrzymuje sie u wladzy? | OSW - Osrodek Studiow Wschodnich | 00:34:28 | http://youtu.be/kTEkH_OGmQk", "context": "#polska"}
{"ts": 1787167724.2949212, "user": "Birex", "text": "está ouvindo: Ana Carolina - Carvão", "context": "Brasil"}
{"ts": 1787167731.3239644, "user": ":=)", "text": "Q12. U.S. HISTORY: An ink used in a newspaper cartoon in the 1890s gave us this term for sensationalist reporting ?", "context": "+BlackMetal+"}
{"ts": 1787167732.534059, "user": ":=)", "text": "Hint1: ****** **********", "context": "+BlackMetal+"}
{"ts": 1787167747.8559484, "user": ":=)", "text": "Hint2: *e**o* *ou**a*i**", "context": "+BlackMetal+"}
{"ts": 1787167760.9301848, "user": ":=)", "text": "Hint3: ye**o* jou**a*i**", "context": "+BlackMetal+"}
{"ts": 1787167793.8872266, "user": ":=)", "text": "Q13. 5-LETTER WORDS: It describes an unsheathed sword, a finished sketch, or a haggard look ?", "context": "+BlackMetal+"}
{"ts": 1787167795.1214142, "user": ":=)", "text": "Hint1: *****", "context": "+BlackMetal+"}
{"ts": 1787167809.1368492, "user": ":=)", "text": "Hint2: **a**", "context": "+BlackMetal+"}
{"ts": 1787167824.5802484, "user": ":=)", "text": "Hint3: d*a**", "context": "+BlackMetal+"}
{"ts": 1787167847.48712, "user": "faggotkisser69", "text": "np: Beach Bunny - Good Girls (Don’t Get Used)", "context": "! ! LGBTQ+ ! !"}
{"ts": 1787167864.9755442, "user": ":=)", "text": "Q14. What Flag Is Shown Flying Over The Parliment Building On A Canadian Two Dollar Bill?", "context": "+BlackMetal+"}
{"ts": 1787167866.4817107, "user": ":=)", "text": "Hint1: ********", "context": "+BlackMetal+"}
{"ts": 1787167878.9030466, "user": ":=)", "text": "Hint2: Ame*****", "context": "+BlackMetal+"}
{"ts": 1787167909.9630396, "user": ":=)", "text": "Q15. Can You Name The Only X Factor Judge Never To Mentor A Winning Act?", "context": "+BlackMetal+"}
{"ts": 1787167910.1323392, "user": ":=)", "text": "Hint1: ****** ********", "context": "+BlackMetal+"}
{"ts": 1787167924.9300435, "user": ":=)", "text": "Hint2: S***** O*******", "context": "+BlackMetal+"}
{"ts": 1787167926.7079456, "user": "Birex", "text": "está ouvindo: DFS - Ou Eee Ou (Original Radio Edit)", "context": "Brasil"}
{"ts": 1787167940.7568223, "user": ":=)", "text": "Hint3: S*a*o* O**ou**e", "context": "+BlackMetal+"}
{"ts": 1787167963.6759727, "user": "krotka", "text": "* Spect-R - Acido Flamenco | dejanprogtrens | 00:07:12 | http://youtu.be/GM3rQFdEOWM", "context": "#polska"}
{"ts": 1787167980.5295975, "user": ":=)", "text": "Q16. Food & Drink: Which cheese is used in tiramisu?", "context": "+BlackMetal+"}
{"ts": 1787167980.6701212, "user": ":=)", "text": "Hint1: **********", "context": "+BlackMetal+"}
{"ts": 1787167995.38136, "user": ":=)", "text": "Hint2: Mas*******", "context": "+BlackMetal+"}
{"ts": 1787168031.689225, "user": ":=)", "text": "Q17. U.S. PLACE NAMES: This Hawaiian site got its name in the 1800s with the discovery of what turned out to be worthless calcite crystals ?", "context": "+BlackMetal+"}
{"ts": 1787168031.8159797, "user": ":=)", "text": "Hint1: ******* ****", "context": "+BlackMetal+"}
{"ts": 1787168046.9626844, "user": ":=)", "text": "Hint2: *ia*o** *ea*", "context": "+BlackMetal+"}
{"ts": 1787168076.737238, "user": ":=)", "text": "Q18. KAOS: UnScramble This Word: e r t e r d i \"3 Answers!\"", "context": "+BlackMetal+"}
{"ts": 1787168076.8837345, "user": ":=)", "text": "Hint1: ******* | ******* | *******", "context": "+BlackMetal+"}
{"ts": 1787168092.472236, "user": ":=)", "text": "Hint2: R****** | R****** | T******", "context": "+BlackMetal+"}
{"ts": 1787168106.8166435, "user": ":=)", "text": "Hint3: Re*i*e* | Re**ie* | Ti*e*e*", "context": "+BlackMetal+"}
{"ts": 1787168142.205472, "user": "Birex", "text": "está ouvindo: Milk & Sugar Feat. Damien J. Carter - I Got This Feeling", "context": "Brasil"}
{"ts": 1787168146.250144, "user": ":=)", "text": "Q19. Dictagrams: i a p a t n -- n. The colour or incrustation which age and wear give to (mainly metallic) objects; especially, the green rust which covers works of art such as ancient bronzes, coins and medals.", "context": "+BlackMetal+"}
{"ts": 1787168148.2995543, "user": ":=)", "text": "Hint1: ******", "context": "+BlackMetal+"}
{"ts": 1787168162.6870632, "user": ":=)", "text": "Hint2: pa****", "context": "+BlackMetal+"}
{"ts": 1787168172.2762494, "user": "shanas", "text": "kanapki wcinanas", "context": "#polska"}
{"ts": 1787168177.2698317, "user": ":=)", "text": "Hint3: pa*i*a", "context": "+BlackMetal+"}
{"ts": 1787168213.898473, "user": ":=)", "text": "Q20. THEY SHARE A BIRTHDAY: October 31, 1705: Pope Clement XIV; 1860: this founder of the Girl Scouts ?", "context": "+BlackMetal+"}
{"ts": 1787168215.2025743, "user": ":=)", "text": "Hint1: ******** ***", "context": "+BlackMetal+"}
{"ts": 1787168229.6465063, "user": ":=)", "text": "Hint2: Jul***** ***", "context": "+BlackMetal+"}
{"ts": 1787168243.89037, "user": ":=)", "text": "Hint3: Julie**e *o*", "context": "+BlackMetal+"}
{"ts": 1787168283.4901783, "user": ":=)", "text": "Q21. 1981 MOVIES: In \"First Monday in October\", this actress played Ruth Loomis, 1st woman on the Supreme Court ?", "context": "+BlackMetal+"}
{"ts": 1787168283.6273987, "user": ":=)", "text": "Hint1: **** *********", "context": "+BlackMetal+"}
{"ts": 1787168298.6599696, "user": ":=)", "text": "Hint2: Jil* *********", "context": "+BlackMetal+"}
{"ts": 1787168300.658259, "user": "krotka", "text": "* Apollo Brown - No Question Instrumental | s1nketsu | 00:02:08 | http://youtu.be/zljJ3vMmSL0", "context": "#polska"}
{"ts": 1787168314.6255922, "user": ":=)", "text": "Hint3: Jil* **a**u***", "context": "+BlackMetal+"}
{"ts": 1787168336.997671, "user": ":=)", "text": "Q22. WORLD LEADERS OF 2018: (Alex: And I don't know why we follow it with--) He wasn't having it when a teen called him \"Manu\", a nickname for Emmanuel, saying call me M. President of the Republic ?", "context": "+BlackMetal+"}
{"ts": 1787168337.2070203, "user": ":=)", "text": "Hint1: ******", "context": "+BlackMetal+"}
{"ts": 1787168348.6251457, "user": "de Kale man", "text": "is nog steeds nuchter", "context": "Radio ZOZ"}
{"ts": 1787168352.370214, "user": ":=)", "text": "Hint2: Ma****", "context": "+BlackMetal+"}
{"ts": 1787168366.2520502, "user": "krotka", "text": "* Apollo Brown - No Question Instrumental | s1nketsu | 00:02:08 | http://youtu.be/zljJ3vMmSL0", "context": "#polska"}
{"ts": 1787168369.3976328, "user": "Birex", "text": "está ouvindo: Milk & Sugar - Stay Around (For This) (DJ Delicious And Till West Radio Mix)", "context": "Brasil"}
{"ts": 1787168384.40063, "user": ":=)", "text": "Q23. Grindcore: Anal Cunt - All Our ____ Are Gay", "context": "+BlackMetal+"}
{"ts": 1787168384.6743279, "user": ":=)", "text": "Hint1: ****", "context": "+BlackMetal+"}
{"ts": 1787168413.2563934, "user": ":=)", "text": "Q24. 'One could change the world in 140 characters' is the motto of Jack Dorsey, the founder of which website?", "context": "+BlackMetal+"}
{"ts": 1787168413.5097966, "user": ":=)", "text": "Hint1: *******", "context": "+BlackMetal+"}
{"ts": 1787168416.945091, "user": "Lemurian", "text": "Stewart Copeland - West Tulsa Story #OST from Rumble Fish (1983)", "context": "/mu/"}
{"ts": 1787168420.0617914, "user": "de Kale man", "text": "knikt", "context": "Radio ZOZ"}
{"ts": 1787168428.3277144, "user": ":=)", "text": "Hint2: **I**E*", "context": "+BlackMetal+"}
{"ts": 1787168436.9448943, "user": "krotka", "text": "* Apollo Brown & O.C. - Fantastic (Instrumental) | EPH3X | 00:02:08 | http://youtu.be/gNQWyHJIH6I", "context": "#polska"}
{"ts": 1787168456.8499246, "user": ":=)", "text": "Q25. Cryptic Movie Titles: Insomniac in the USA ?", "context": "+BlackMetal+"}
{"ts": 1787168456.974315, "user": ":=)", "text": "Hint1: ********* ** *******", "context": "+BlackMetal+"}
{"ts": 1787168491.3028612, "user": ":=)", "text": "Q26. ASIAN GEOGRAPHY: This \"gem\" of a river becomes a 20-mile-wide estuary between Hong Kong & Macau ?", "context": "+BlackMetal+"}
{"ts": 1787168491.4337373, "user": ":=)", "text": "Hint1: *** ***** *****", "context": "+BlackMetal+"}
{"ts": 1787168505.8724163, "user": ":=)", "text": "Hint2: **e *ea** *i*e*", "context": "+BlackMetal+"}
{"ts": 1787168520.5918384, "user": ":=)", "text": "Hint3: t*e Pea** Ri*e*", "context": "+BlackMetal+"}
{"ts": 1787168547.5902467, "user": ":=)", "text": "Q27. Animals: What type of animals are Cornish Rex and Devon Rex?", "context": "+BlackMetal+"}
{"ts": 1787168547.8148932, "user": ":=)", "text": "Hint1: ****", "context": "+BlackMetal+"}
{"ts": 1787168559.1470919, "user": "Birex", "text": "está ouvindo: New Order - Bizarre Love Triangle (Remix)", "context": "Brasil"}
{"ts": 1787168562.11367, "user": ":=)", "text": "Hint2: C***", "context": "+BlackMetal+"}
{"ts": 1787168588.770037, "user": ":=)", "text": "Q28. KAOS: UnScramble This Word: e a v l \"4 Answers!\"", "context": "+BlackMetal+"}
{"ts": 1787168588.913621, "user": ":=)", "text": "Hint1: **** | **** | **** | ****", "context": "+BlackMetal+"}
{"ts": 1787168602.6282907, "user": ":=)", "text": "Hint2: *a*e | *a*e | *ea* | *e*a", "context": "+BlackMetal+"}
{"ts": 1787168633.7318742, "user": ":=)", "text": "Q29. CATS & DOGS: In ancient Egypt, this was the punishment for one who stole, or killed, even by accident, a cat ?", "context": "+BlackMetal+"}
{"ts": 1787168633.8554854, "user": ":=)", "text": "Hint1: *****", "context": "+BlackMetal+"}
{"ts": 1787168640.8228219, "user": "phun", "text": "heeft brie-buikje", "context": "Radio ZOZ"}
{"ts": 1787168661.7233775, "user": "krotka", "text": "* Nawerocki I Morawiecki  Do Przeswietlenia - Wizja Na Zywo | JASNOWIDZ Krzysztof Jackowski Official | 00:00:00 | http://youtu.be/-_sP07KUEQ8", "context": "#polska"}
{"ts": 1787168664.5120213, "user": ":=)", "text": "Q30. History: Which Organisation Was Founded By Nathan Bedford Forrest In 1865?", "context": "+BlackMetal+"}
{"ts": 1787168664.6547346, "user": ":=)", "text": "Hint1: ** **** ****", "context": "+BlackMetal+"}
{"ts": 1787168696.355329, "user": ":=)", "text": "Q31. UnScramble This Word: i t l d p a c r u o ?", "context": "+BlackMetal+"}
{"ts": 1787168696.4769573, "user": ":=)", "text": "Hint1: **********", "context": "+BlackMetal+"}
{"ts": 1787168711.1531549, "user": ":=)", "text": "Hint2: D*********", "context": "+BlackMetal+"}
{"ts": 1787168726.5111845, "user": ":=)", "text": "Hint3: Du**i*a*o*", "context": "+BlackMetal+"}
{"ts": 1787168728.1320546, "user": "phun", "text": "slaapt kort", "context": "Radio ZOZ"}
{"ts": 1787168898.6143906, "user": "Zefirion *", "text": "+ _ shanas ananas *", "context": "#polska"}
{"ts": 1787169039.829083, "user": "Birex", "text": "está ouvindo: CB Milton - Hold On", "context": "Brasil"}
{"ts": 1787169062.7790313, "user": "the organium", "text": "current favorite record - 3/4th of the way through side a", "context": "+BlackMetal+"}
{"ts": 1787169134.505799, "user": "weed", "text": "is hogtied in a ditch bound and gagged", "context": "+BlackMetal+"}
{"ts": 1787169253.3811746, "user": "fuffywuffy", "text": "points at the bathroom", "context": "! ! LGBTQ+ ! !"}
{"ts": 1787169276.426951, "user": "Birex", "text": "está ouvindo: Michael Jackson - I Can't Help It", "context": "Brasil"}
{"ts": 1787169357.3043506, "user": "augmental", "text": "throws hands in the air", "context": "+BlackMetal+"}
{"ts": 1787169498.8327422, "user": "kissmiasma95", "text": "np ; Rascal Flatts - Fast cars & Freedom", "context": "nicotine"}
{"ts": 1787169545.0939572, "user": "Birex", "text": "está ouvindo: Marky Mark & The Funky Bunch - Good Vibrations", "context": "Brasil"}
{"ts": 1787169632.0643213, "user": "the organium", "text": "Sounds of :  𝘾𝙖𝙧𝙥𝙖𝙩𝙝𝙞𝙖𝙣 𝙁𝙤𝙧𝙚𝙨𝙩 - 𝙅𝙤𝙪𝙧𝙣𝙚𝙮 𝙏𝙝𝙧𝙤𝙪𝙜𝙝 𝙏𝙝𝙚 𝘾𝙤𝙡𝙙 𝙈𝙤𝙤𝙧𝙨 𝙊𝙛 𝙎𝙫𝙖𝙧𝙩𝙩𝙟𝙚𝙧𝙣  : ₙₒᵂ ᶠᵢₗₗ ₜₕₑ ₐᵢᵣ", "context": "+BlackMetal+"}
{"ts": 1787169684.6837516, "user": "Idalia", "text": "+ obiadek", "context": "#polska"}
{"ts": 1787169716.880838, "user": "kissmiasma95", "text": "Swordbelt's Band - Two Pina Coladas", "context": "nicotine"}
{"ts": 1787169730.0626614, "user": "nayk cnupmoeg", "text": "наливает балтику", "context": "RUSSIA"}
{"ts": 1787169792.7953029, "user": "Pa", "text": "is having an eargasm to: Bloodhound Gang - I Wish I Was Queer So I Could (3:32)", "context": "! ! LGBTQ+ ! !"}
{"ts": 1787169814.1132512, "user": "Birex", "text": "está ouvindo: Aretha Franklin - I Say A Little Prayer", "context": "Brasil"}
{"ts": 1787170005.0357842, "user": "krotka", "text": "* Ballistic - Trip Hazard (Acid 1996) | marcou909 | 00:06:06 | http://youtu.be/RhgIr9vSrYc", "context": "#polska"}
{"ts": 1787170026.2275236, "user": "Birex", "text": "está ouvindo: Fun Factory - Close To You (Club Mix)", "context": "Brasil"}
{"ts": 1787170304.57043, "user": "Birex", "text": "está ouvindo: Zero - Formosa", "context": "Brasil"}
{"ts": 1787170357.6307528, "user": "nayk cnupmoeg", "text": "запивает балтийскую скверну семипалубным гленшилом", "context": "RUSSIA"}
{"ts": 1787170562.7591958, "user": "Birex", "text": "está ouvindo: Dick Farney - Nick Bar", "context": "Brasil"}
{"ts": 1787170619.787857, "user": "Trance Dimension", "text": "{in the trance dimension plays} Aylin - Viva The Love (Original Radio Edit) {00:09 of 03:30}  {324Kbps/44KHz}", "context": "trancEaddict"}
{"ts": 1787170740.5626783, "user": "Birex", "text": "está ouvindo: Caesars - Jerk It Out", "context": "Brasil"}
{"ts": 1787170767.5035806, "user": "Lemurian", "text": "David Shire - Campground Consummation from Monkey Shines (1988)", "context": "/mu/"}
{"ts": 1787170935.7612126, "user": "Birex", "text": "está ouvindo: Haddaway - Catch A Fire", "context": "Brasil"}
{"ts": 1787170938.144298, "user": "emPathetic", "text": "boop", "context": "! ! LGBTQ+ ! !"}
{"ts": 1787171172.9541454, "user": ":=)", "text": "* The Room Is A Masterpiece Of Cinematic Perfection - Best Movie Ever | 11:03 | 10,130 likes | 219,976 views | 1 year ago", "context": "+BlackMetal+"}
{"ts": 1787171187.720482, "user": "Birex", "text": "está ouvindo: Provocation - Feel It D.J. (Radio Version)", "context": "Brasil"}
{"ts": 1787171203.8460753, "user": ":=)", "text": "* Highgate Cemetery Tour | Famous (and not so famous) British Museum graves | Curator's Corner S8 Ep9 | 3 years ago -> https://youtu.be/vifgr5w82NA", "context": "+BlackMetal+"}
{"ts": 1787171418.1297917, "user": "Birex", "text": "está ouvindo: Awesome 3 - Don't Go (Kicks Like A Mule Edit)", "context": "Brasil"}
{"ts": 1787171568.7149358, "user": "faggotkisser69", "text": "np: girl in red - You Stupid Bitch", "context": "! ! LGBTQ+ ! !"}
{"ts": 1787171596.9648414, "user": "Trance Dimension", "text": "{in the trance dimension plays} Aylin - Viva The Love (Kosmonova Radio Remix) {00:01 of 03:37}  {324Kbps/44KHz}", "context": "trancEaddict"}
{"ts": 1787171607.3733099, "user": ":=)", "text": "* Anastacia - I'm Outta Love (Official 4K Video) | 4:04 | 558,728 likes | 122,319,153 views | 16 years ago", "context": "+BlackMetal+"}
{"ts": 1787171646.5047872, "user": "R0nFrozt", "text": "lights cbd-joint", "context": "/mu/"}
{"ts": 1787171676.2884974, "user": "[K]etaZeE", "text": "⋄ 🎶 Sing It Back (Boris Dlugosch Musical Mix) ⋄ 🎬 Moloko - Topic ⋄ ⌛ 9:21 ⋄| 👀 5.3M views ⋄ ❤️ 55.9K likes ⋄ 🗓️ Uploaded Jul 21, 2021 ⋄ 🔗", "context": "#La France"}
{"ts": 1787171689.6357012, "user": "[K]etaZeE", "text": "⋄ 🎶 Veruca Salt - Seether (Official Music Video) ⋄ 🎬 VerucaSaltVEVO ⋄ ⌛ 3:37 ⋄| 👀 14.1M views ⋄ ❤️ 123.4K likes ⋄ 🗓️ Uploaded Nov 23, 2009 ⋄ 🔗", "context": "indie"}
{"ts": 1787171724.3659675, "user": "Birex", "text": "está ouvindo: Zeca Pagodinho - Uma Prova De Amor", "context": "Brasil"}
{"ts": 1787171734.6705868, "user": "krotka", "text": "* Intoxication - Walkin (Acid Trance 1997) | GERMSGEMS | 00:07:17 | http://youtu.be/b2xp0lnjK1Y", "context": "#polska"}
{"ts": 1787171896.559844, "user": "[K]etaZeE", "text": "⋄ 🎶 Moloko - Full Concert [HD] | Live at Pinkpop 2003 ⋄ 🎬 Pinkpop Archive ⋄ ⌛ 1:00:12 ⋄| 👀 7.8K views ⋄ ❤️ 312 likes ⋄ 🗓️ Uploaded Feb 6, 2026 ⋄ 🔗", "context": "#La France"}
{"ts": 1787171928.7066584, "user": "Birex", "text": "está ouvindo: Maria Bello - Sweet Dreams (Are Made Of This)", "context": "Brasil"}
{"ts": 1787171956.7117689, "user": "[K]etaZeE", "text": "⋄ 🎶 Moloko / Sing It Back [beatmania][GOTTA MIX 2] ⋄ 🎬 G3C1 ⋄ ⌛ 2:02 ⋄| 👀 2.0K views ⋄ ❤️ 20 likes ⋄ 🗓️ Uploaded Feb 5, 2018 ⋄ 🔗 https://youtu.be/2muNgq7Nqwk", "context": "#La France"}
{"ts": 1787171970.3478718, "user": "[K]etaZeE", "text": "⋄ 🎶 Luscious Jackson - Naked Eye ⋄ 🎬 LusciousJacksonVEVO ⋄ ⌛ 4:27 ⋄| 👀 6.1M views ⋄ ❤️ 57.9K likes ⋄ 🗓️ Uploaded Feb 27, 2009 ⋄ 🔗", "context": "indie"}
{"ts": 1787172000.7150748, "user": "[K]etaZeE", "text": "⋄ 🎶 Olive - You're Not Alone (Oakenfold & Osborne Remix) [1997] ⋄ 🎬 Sing Lee ⋄ ⌛ 10:12 ⋄| 👀 47.0K views ⋄ ❤️ 1.2K likes ⋄ 🗓️ Uploaded Apr 5, 2023 ⋄ 🔗 https://youtu.be/syaOHbU_dHI", "context": "#La France"}
{"ts": 1787172078.997252, "user": "Trance Dimension", "text": "{in the trance dimension plays} Aylin - Viva The Love (Original Club Version) {00:02 of 05:09}  {323Kbps/44KHz}", "context": "trancEaddict"}
{"ts": 1787172148.013899, "user": ":=)", "text": "* Artemis II Launch Recap + Free Bird | CINEMATIC HD | 5:13 | 39,263 likes | 551,046 views | 4 months ago", "context": "+BlackMetal+"}
{"ts": 1787172151.080045, "user": "[K]etaZeE", "text": "⋄ 🎶 Artemis II Launch Recap + Free Bird | CINEMATIC HD ⋄ 🎬 do not the car ⋄ ⌛ 5:13 ⋄| 👀 551.1K views ⋄ ❤️ 39.3K likes ⋄ 🗓️ Uploaded Apr 3, 2026 ⋄ 🔗", "context": "+BlackMetal+"}
{"ts": 1787172184.9970226, "user": "[K]etaZeE", "text": "⋄ 🎶 Amygdala ⋄ 🎬 Heather Duby - Topic ⋄ ⌛ 4:31 ⋄| 👀 3.0K views ⋄ ❤️ 52 likes ⋄ 🗓️ Uploaded Mar 23, 2019 ⋄ 🔗 https://youtu.be/XKU5y8cjJDY", "context": "#La France"}
{"ts": 1787172199.2744732, "user": "Birex", "text": "está ouvindo: The Honeydrippers - Sea Of Love", "context": "Brasil"}
{"ts": 1787172240.3715668, "user": "[K]etaZeE", "text": "⋄ 🎶 Little Things ⋄ 🎬 Lamb - Topic ⋄ ⌛ 3:19 ⋄| 👀 34.7K views ⋄ ❤️ 666 likes ⋄ 🗓️ Uploaded Jul 30, 2018 ⋄ 🔗 https://youtu.be/__o3tdGWFB4", "context": "#La France"}
{"ts": 1787172250.73382, "user": "[K]etaZeE", "text": "⋄ 🎶 Republica - Ready to Go (Official Video) ⋄ 🎬 RepublicaVEVO ⋄ ⌛ 3:43 ⋄| 👀 36.5M views ⋄ ❤️ 264.2K likes ⋄ 🗓️ Uploaded Oct 25, 2009 ⋄ 🔗", "context": "indie"}
{"ts": 1787172379.8537009, "user": "Birex", "text": "está ouvindo: DNA - La Serenissima", "context": "Brasil"}
{"ts": 1787172453.0988655, "user": "Lemurian", "text": "Michael Holm - Hexerthema & Liebesthema from Mark of the Devil (1970)", "context": "/mu/"}
{"ts": 1787172476.7755492, "user": "[K]etaZeE", "text": "⋄ 🎶 Charlie Parker / The Complete Dean Benedetti Recordings 6A ⋄ 🎬 taro cross ⋄ ⌛ 17:39 ⋄| 👀 70 views ⋄ ❤️ 7 likes ⋄ 🗓️ Uploaded Aug 18, 2026 ⋄ 🔗", "context": "#La France"}
{"ts": 1787172485.038772, "user": "[K]etaZeE", "text": "⋄ 🎶 Republica - Drop Dead Gorgeous (Video) ⋄ 🎬 RepublicaVEVO ⋄ ⌛ 3:30 ⋄| 👀 5.7M views ⋄ ❤️ 46.1K likes ⋄ 🗓️ Uploaded Nov 19, 2012 ⋄ 🔗", "context": "indie"}
{"ts": 1787172627.1047575, "user": "[K]etaZeE", "text": "⋄ 🎶 Thelonious Monk / Himself / RLP 12-235 A ⋄ 🎬 taro cross ⋄ ⌛ 22:06 ⋄| 👀 293 views ⋄ ❤️ 23 likes ⋄ 🗓️ Uploaded Aug 3, 2026 ⋄ 🔗", "context": "#La France"}
{"ts": 1787172649.218115, "user": "de Kale man", "text": "has ordered some more quarterpounders for tonight", "context": "+BlackMetal+"}
{"ts": 1787172701.4884987, "user": "[K]etaZeE", "text": "⋄ 🎶 Electric Six - Danger! High Voltage HD ⋄ 🎬 Beggars Banquet Records ⋄ ⌛ 3:47 ⋄| 👀 12.8M views ⋄ ❤️ 116.5K likes ⋄ 🗓️ Uploaded Jan 28, 2013 ⋄ 🔗", "context": "indie"}
{"ts": 1787172721.5293176, "user": "[K]etaZeE", "text": "⋄ 🎶 How LETHAL is an Elephant Gun? ⋄ 🎬 1ShotTV ⋄ ⌛ 13:01 ⋄| 👀 173.6K views ⋄ ❤️ 6.0K likes ⋄ 🗓️ Uploaded May 4, 2026 ⋄ 🔗", "context": "#La France"}
{"ts": 1787172746.8643284, "user": "[K]etaZeE", "text": "⋄ 🎶 Soul Train Line Dance to Jungle Boogie (1973) ⋄ 🎬 ClassicSoulRadio ⋄ ⌛ 2:56 ⋄| 👀 8.6M views ⋄ ❤️ 54.9K likes ⋄ 🗓️ Uploaded Feb 1, 2012 ⋄ 🔗", "context": "#La France"}
{"ts": 1787172789.048926, "user": "Trance Dimension", "text": "{in the trance dimension plays} Aylin - Viva The Love (Kosmonova Club Remix) {00:02 of 06:28}  {322Kbps/44KHz}", "context": "trancEaddict"}
{"ts": 1787172842.3656824, "user": "theus", "text": "listening: Madonna - Love Spent [MDNA]", "context": "/mu/"}
{"ts": 1787172846.0329883, "user": "theus", "text": "listening: Madonna - Love Spent [MDNA]", "context": "nicotine"}
{"ts": 1787172850.7925127, "user": "theus", "text": "listening: Madonna - Love Spent [MDNA]", "context": "! ! LGBTQ+ ! !"}
{"ts": 1787172854.5241838, "user": "theus", "text": "listening: Madonna - Love Spent [MDNA]", "context": "Brasil"}
{"ts": 1787172860.2721326, "user": "[K]etaZeE", "text": "⋄ 🎶 SUPERCOOL COLLECTIVE  X NECA Old Age Chucky UNBOXING ⋄ 🎬 ChuckyHorrorPlay ⋄ ⌛ 12:09 ⋄| 👀 1.9K views ⋄ ❤️ 133 likes ⋄ 🗓️ Uploaded Aug 16, 2026 ⋄ 🔗", "context": "indie"}
{"ts": 1787172863.79605, "user": ":=)", "text": "* SUPERCOOL COLLECTIVE  X NECA Old Age Chucky UNBOXING | 12:09 | 133 likes | 1,890 views | 3 days ago", "context": "+BlackMetal+"}
{"ts": 1787172865.6587195, "user": "[K]etaZeE", "text": "⋄ 🎶 SUPERCOOL COLLECTIVE  X NECA Old Age Chucky UNBOXING ⋄ 🎬 ChuckyHorrorPlay ⋄ ⌛ 12:09 ⋄| 👀 1.9K views ⋄ ❤️ 133 likes ⋄ 🗓️ Uploaded Aug 16, 2026 ⋄ 🔗", "context": "+BlackMetal+"}
{"ts": 1787172978.0253131, "user": "[K]etaZeE", "text": "⋄ 🎶 Def Leppard - Photograph ⋄ 🎬 jewelie007 ⋄ ⌛ 4:11 ⋄| 👀 140.3K views ⋄ ❤️ 1.3K likes ⋄ 🗓️ Uploaded Jun 3, 2012 ⋄ 🔗", "context": "indie"}
{"ts": 1787172982.5816193, "user": "Birex", "text": "está ouvindo: Deejays United - Dance Computer Two", "context": "Brasil"}
{"ts": 1787173140.7067866, "user": "[K]etaZeE", "text": "⋄ 🎶 But I Do ⋄ 🎬 Poldoore - Topic ⋄ ⌛ 3:59 ⋄| 👀 3.8M views ⋄ ❤️ 44.5K likes ⋄ 🗓️ Uploaded Apr 20, 2020 ⋄ 🔗", "context": "#La France"}
{"ts": 1787173257.1758442, "user": ":=)", "text": "* Madonna - Lucky Star | 5:38 | 110,640 likes | 9,129,854 views | 9 years ago", "context": "+BlackMetal+"}
{"ts": 1787173260.7849343, "user": "[K]etaZeE", "text": "⋄ 🎶 Lucky Star ⋄ 🎬 Madonna - Topic ⋄ ⌛ 5:38 ⋄| 👀 9.1M views ⋄ ❤️ 110.6K likes ⋄ 🗓️ Uploaded Jul 23, 2017 ⋄ 🔗", "context": "+BlackMetal+"}
{"ts": 1787173304.3454797, "user": "Boogui", "text": "je paye ma tournée de glace kinder bueno", "context": "#La France"}
{"ts": 1787173374.5251787, "user": "Birex", "text": "está ouvindo: Technotronic - Money Makes The World Go Round (12'' Mix)", "context": "Brasil"}
{"ts": 1787173410.0712466, "user": "[K]etaZeE", "text": "⋄ 🎶 Let Love Rule (Remastered) ⋄ 🎬 Lenny Kravitz - Topic ⋄ ⌛ 5:43 ⋄| 👀 539.7K views ⋄ ❤️ 6.4K likes ⋄ 🗓️ Uploaded Feb 6, 2020 ⋄ 🔗", "context": "#La France"}
{"ts": 1787173492.3374765, "user": ":=)", "text": "* Judiciary - Death Knell | 3:52 | 49 likes | 667 views | 3 days ago", "context": "+BlackMetal+"}
{"ts": 1787173609.2642307, "user": "Zefirion *", "text": "+ _ Together In Dreams (Extended Version) · Critical Mass *", "context": "#polska"}
{"ts": 1787173815.7347229, "user": "Birex", "text": "está ouvindo: Komodor - Electrize", "context": "Brasil"}
{"ts": 1787173824.3348908, "user": "krotka", "text": "* Union Jack - Two Full Moons And A Trout (Deibeat Remix) | djvinylo | 00:07:50 | http://youtu.be/PqLGeU52IZg", "context": "#polska"}
{"ts": 1787173899.4993086, "user": ":=)", "text": "* Debbie Harry - I Want That Man | 3:44 | 4,197 likes | 621,684 views | 6 years ago", "context": "+BlackMetal+"}
{"ts": 1787174047.1603453, "user": "Birex", "text": "está ouvindo: Tião Carrero & Pardinho - Fuscão Preto", "context": "Brasil"}
{"ts": 1787174100.8668091, "user": "krotka", "text": "* Riding The Bomb Scene | DR. STRANGELOVE (1964) Movie CLIP HD | JoBlo Movie Clips | 00:04:43 | http://youtu.be/d4WRJROa3R4", "context": "#polska"}
{"ts": 1787174117.1190624, "user": "Lemurian", "text": "Urna - L'Abbraccio di Cristo Morto #ritual https://urna-rituals.bandcamp.com/track/labbraccio-di-cristo-morto", "context": "/mu/"}
{"ts": 1787174257.9190993, "user": "Birex", "text": "está ouvindo: E-Rotic - Why", "context": "Brasil"}
{"ts": 1787174460.2632623, "user": "krotka", "text": "* Hades - Pelny sloik (prod. Emade) (audio) | ProstoTV | 00:03:31 | http://youtu.be/U0d3zwtgdpA", "context": "#polska"}
{"ts": 1787174493.858075, "user": "DlOS", "text": "esperando", "context": "CHILE"}
{"ts": 1787174509.5954142, "user": "Birex", "text": "está ouvindo: Chris Brown - Winner", "context": "Brasil"}
{"ts": 1787174515.8640587, "user": "StrawberryBananaSwirl", "text": "sits under a bridge", "context": "! ! LGBTQ+ ! !"}
{"ts": 1787174534.460815, "user": "StrawberryBananaSwirl", "text": "gets out from under the bridge", "context": "! ! LGBTQ+ ! !"}
{"ts": 1787174555.1489816, "user": "skeletronprime", "text": "walks under bridge", "context": "! ! LGBTQ+ ! !"}
{"ts": 1787174597.530315, "user": "skeletronprime", "text": "wheres the fuckin' troll!?", "context": "! ! LGBTQ+ ! !"}
{"ts": 1787174703.4337692, "user": "augmental", "text": "is listening to Starkweather", "context": "+BlackMetal+"}
{"ts": 1787174749.3840318, "user": "Birex", "text": "está ouvindo: DJ Joe K - I Wish (Acoustic)", "context": "Brasil"}
{"ts": 1787174763.0505848, "user": "krotka", "text": "* System Of A Down - Aerials (Official HD Video) | systemofadownVEVO | 00:04:04 | http://youtu.be/L-iepu3EtyE", "context": "#polska"}
{"ts": 1787174772.3361044, "user": "ccookkiiee", "text": "is listening to Arca - DM True", "context": "! ! LGBTQ+ ! !"}
{"ts": 1787174931.420675, "user": "Birex", "text": "está ouvindo: No Doubt - Don't Speak", "context": "Brasil"}
{"ts": 1787174983.5400484, "user": "krotka", "text": "* No tata znow nie dziala to widelo - Remastered 4K 60fps | TURBO | 00:01:00 | http://youtu.be/01Zp9mdg3n0", "context": "#polska"}
{"ts": 1787175001.2802265, "user": "krotka", "text": "* Ingebrigtsen's AMAZING Return 👑 | Men's 5000m Final Replay | 2026 European Athletics Championships | European Athletics | 00:21:13 | http://youtu.be/vkF8FP5rHKM", "context": "#polska"}
{"ts": 1787175066.1029654, "user": "krotka", "text": "* Big Bud - State of Mind | Miguel D Lewis | 00:07:01 | http://youtu.be/PzTgnmZDdSA", "context": "#polska"}
{"ts": 1787175103.4910254, "user": "krotka", "text": "* Pixel Grip - STAMINA (Official Video) | Pixel Grip | 00:04:28 | http://youtu.be/7YBe414fPcc", "context": "#polska"}
{"ts": 1787175304.1917572, "user": "krotka", "text": "* Giuseppe Ottaviani live at A State of Trance Poland 2026 | A State Of Trance | 01:14:06 | http://youtu.be/jpsXS2mpO-M", "context": "#polska"}
{"ts": 1787175365.3485756, "user": "Birex", "text": "está ouvindo: DJ Antoine Feat. Mish - One Day, One Night", "context": "Brasil"}
{"ts": 1787175420.0806334, "user": "augmental", "text": "adjusts binoculars", "context": "+BlackMetal+"}
{"ts": 1787175456.8287096, "user": "the organium", "text": "sighs in french", "context": "+BlackMetal+"}
{"ts": 1787175460.4737804, "user": "krotka", "text": "* Nuw Idol - Free (Acid Trance 1997) | GERMSGEMS | 00:08:31 | http://youtu.be/umiCcAYsCZ4", "context": "#polska"}
{"ts": 1787175546.0187469, "user": "Birex", "text": "está ouvindo: Tropical Brazilian Band - Mambo Number 5", "context": "Brasil"}
{"ts": 1787175555.5934887, "user": "krotka", "text": "* Terran Two | Release - Topic | 00:03:57 | http://youtu.be/2BiiqC3SD24", "context": "#polska"}
{"ts": 1787175575.089277, "user": "Odbyciarz5000", "text": "pocwiczyl bicie smietany", "context": "#polska"}
{"ts": 1787175635.595793, "user": "krotka", "text": "* Stuntman | David Morley - Topic | 00:07:46 | http://youtu.be/BViQ2Qx7U6c", "context": "#polska"}
{"ts": 1787175668.6038876, "user": "Birex", "text": "está ouvindo: Laura Pausini - Io Canto", "context": "Brasil"}
{"ts": 1787175837.147556, "user": "krotka", "text": "* \"Heroes (Johnny Depp Vocals)\" Hollywood Vampires@Bethel Woods NY 7/30/23 | Jim Powers | 00:04:21 | http://youtu.be/n6przeYW42M", "context": "#polska"}
{"ts": 1787175840.204604, "user": "[K]etaZeE", "text": "⋄ 🎶 Le mythe d'Antigone (expliqué en 2 minutes) ⋄ 🎬 le Savoir Partagé ⋄ ⌛ 1:50 ⋄| 👀 1.1K views ⋄ ❤️ 15 likes ⋄ 🗓️ Uploaded Dec 8, 2025 ⋄ 🔗", "context": "#La France"}
{"ts": 1787175870.8982306, "user": "krotka", "text": "* Astral Theorem - Enigmatic (Original Mix) | Atmosfera Ácida | 00:09:13 | http://youtu.be/r9awv35t2GE", "context": "#polska"}
{"ts": 1787175923.5002816, "user": "Birex", "text": "está ouvindo: Taffy - I Love My Radio (Extended Mix)", "context": "Brasil"}
{"ts": 1787176191.1379368, "user": "[K]etaZeE", "text": "⋄ 🎶 La levrette de mémé ⋄ 🎬 Cadavrex ⋄ ⌛ 3:19 ⋄| 👀 308.9K views ⋄ ❤️ 7.8K likes ⋄ 🗓️ Uploaded Apr 7, 2026 ⋄ 🔗", "context": "#La France"}
{"ts": 1787176282.3330386, "user": "[K]etaZeE", "text": "⋄ 🎶 David Bowie - I'm Afraid of Americans (Official Video) [4K] ⋄ 🎬 David Bowie ⋄ ⌛ 4:27 ⋄| 👀 8.3M views ⋄ ❤️ 186.4K likes ⋄ 🗓️ Uploaded Oct 27, 2021 ⋄ 🔗", "context": "indie"}
{"ts": 1787176339.7683003, "user": "Birex", "text": "está ouvindo: João Mineiro & Marciano - Crises De Amor", "context": "Brasil"}
{"ts": 1787176348.82988, "user": "Mathieu318", "text": "clear", "context": "#La France"}
{"ts": 1787176371.0624151, "user": "Boogui", "text": "jete des glaces", "context": "#La France"}
{"ts": 1787176516.3708394, "user": ":=)", "text": "Q1. Science & Nature: What Striped Animal Has A Five Letter Name That Begins With The Last Letter Of The Alphabet And Ends With The First Letter Of The Alphabet?", "context": "+BlackMetal+"}
{"ts": 1787176517.0818884, "user": ":=)", "text": "Hint1: *****", "context": "+BlackMetal+"}
{"ts": 1787176517.919572, "user": "Birex", "text": "está ouvindo: Any Second - Wanna Be With You (Radio Edit)", "context": "Brasil"}
{"ts": 1787176530.196702, "user": ":=)", "text": "Hint2: Z****", "context": "+BlackMetal+"}
{"ts": 1787176536.358405, "user": "ccookkiiee", "text": "is listening to Arca - Ass Swung Low", "context": "! ! LGBTQ+ ! !"}
{"ts": 1787176555.9815981, "user": ":=)", "text": "Q2. Movies: Who was the first Black actress to win an Oscar?", "context": "+BlackMetal+"}
{"ts": 1787176557.6752436, "user": ":=)", "text": "Hint1: ****** ********", "context": "+BlackMetal+"}
{"ts": 1787176571.5040002, "user": ":=)", "text": "Hint2: H***** M*******", "context": "+BlackMetal+"}
{"ts": 1787176586.5832288, "user": ":=)", "text": "Hint3: Ha**ie M**a*ie*", "context": "+BlackMetal+"}
{"ts": 1787176626.7264857, "user": ":=)", "text": "Q3. Dictagrams: s r o m e k -- n. (Slang) An illicit boxing match; see Battle Royal (boxing).", "context": "+BlackMetal+"}
{"ts": 1787176627.684864, "user": ":=)", "text": "Hint1: ******", "context": "+BlackMetal+"}
{"ts": 1787176657.5128608, "user": ":=)", "text": "Q4. Making their record debut in 1989, what were Squire, Mani, Reni and Brown collectively known as?", "context": "+BlackMetal+"}
{"ts": 1787176658.6298926, "user": ":=)", "text": "Hint1: *** ***** *****", "context": "+BlackMetal+"}
{"ts": 1787176670.2705524, "user": "your.yumia", "text": "is lost in the wired", "context": "Furry"}
{"ts": 1787176673.493197, "user": ":=)", "text": "Hint2: **e **o*e *o*e*", "context": "+BlackMetal+"}
{"ts": 1787176702.079123, "user": ":=)", "text": "Q5. TV / Movies: Born May 12, 1907, She Starred In This Movie: The Iron Petticoat (1956)?", "context": "+BlackMetal+"}
{"ts": 1787176703.3179417, "user": ":=)", "text": "Hint1: ********* *******", "context": "+BlackMetal+"}
{"ts": 1787176717.5790238, "user": ":=)", "text": "Hint2: Kat****** *******", "context": "+BlackMetal+"}
{"ts": 1787176741.3067617, "user": ":=)", "text": "Q6. What Country's Capital Is Dhaka?", "context": "+BlackMetal+"}
{"ts": 1787176742.1558323, "user": ":=)", "text": "Hint1: **********", "context": "+BlackMetal+"}
{"ts": 1787176757.5800483, "user": ":=)", "text": "Hint2: Ban*******", "context": "+BlackMetal+"}
{"ts": 1787176771.7586212, "user": ":=)", "text": "Hint3: Ban**a*e**", "context": "+BlackMetal+"}
{"ts": 1787176782.0170398, "user": "Birex", "text": "está ouvindo: Cabballero - Dance With Tears In My Eyes", "context": "Brasil"}
{"ts": 1787176798.5826185, "user": ":=)", "text": "Q7. UnScramble This Word: o t o e r o b h h r d ?", "context": "+BlackMetal+"}
{"ts": 1787176799.6216938, "user": ":=)", "text": "Hint1: ***********", "context": "+BlackMetal+"}
{"ts": 1787176814.0333962, "user": ":=)", "text": "Hint2: **o**e**oo*", "context": "+BlackMetal+"}
{"ts": 1787176817.0095997, "user": "augmental", "text": "is listening to HELMET", "context": "+BlackMetal+"}
{"ts": 1787176834.665605, "user": "[K]etaZeE", "text": "⋄ 🎶 EXPOSÉ sur le CAPYBARA 🤎 | Caractéristiques, où ils vivent et ce que mangent les Capybaras ⋄ 🎬 Projetecolo ⋄ ⌛ 4:17 ⋄| 👀 26.4K views ⋄ ❤️ 202 likes ⋄ 🗓️ Uploaded Feb 1, 2025 ⋄ 🔗", "context": "#La France"}
{"ts": 1787176837.7704375, "user": ":=)", "text": "Q8. KAOS: UnScramble This Word: r u o t e s d \"3 Answers!\"", "context": "+BlackMetal+"}
{"ts": 1787176838.820016, "user": ":=)", "text": "Hint1: ******* | ******* | *******", "context": "+BlackMetal+"}
{"ts": 1787176851.5158334, "user": ":=)", "text": "Hint2: D****** | D****** | R******", "context": "+BlackMetal+"}
{"ts": 1787176865.879859, "user": ":=)", "text": "Hint3: De*ou** | Dou*e** | Rou**e*", "context": "+BlackMetal+"}
{"ts": 1787176905.9127483, "user": ":=)", "text": "Q9. Who, in 1903, was the first woman to win a Nobel Prize?", "context": "+BlackMetal+"}
{"ts": 1787176906.7161334, "user": ":=)", "text": "Hint1: ***** *****", "context": "+BlackMetal+"}
{"ts": 1787176919.0113654, "user": "krotka", "text": "* Hymn Polska na TAK! - Michal Miotke | TVP Info Extra | 00:03:23 | http://youtu.be/p2gKgk6bfgw", "context": "#polska"}
{"ts": 1787176936.6960652, "user": ":=)", "text": "Q10. What is the full length of a tennis court in feet?", "context": "+BlackMetal+"}
{"ts": 1787176937.5018506, "user": ":=)", "text": "Hint1: ** ****", "context": "+BlackMetal+"}
{"ts": 1787176952.0326173, "user": ":=)", "text": "Hint2: 7* *ee*", "context": "+BlackMetal+"}
{"ts": 1787176966.3363168, "user": ":=)", "text": "Hint3: 7* fee*", "context": "+BlackMetal+"}
{"ts": 1787176977.0431798, "user": "krotka", "text": "* Wielka woda - Maryla Rodowicz | Michal Wegrzynowicz | 00:04:53 | http://youtu.be/xsBOOMlq8c4", "context": "#polska"}
{"ts": 1787176990.6908038, "user": "Birex", "text": "está ouvindo: Apotheosis - O Fortuna", "context": "Brasil"}
{"ts": 1787177005.280558, "user": "krotka", "text": "* Maryla Rodowicz, Blazej Krol, Igor Herbut, Misia Furtak - Niech zyje bal [Official Music Video] | Maryla Rodowicz | 00:04:05 | http://youtu.be/oHSsMI6UjAU", "context": "#polska"}
{"ts": 1787177006.8203902, "user": ":=)", "text": "Q11. ACADEMIC PENTATHLON: Art: \"Madonna\" & this masterpiece by Edvard Munch were stole in broad daylight in 2004 ?", "context": "+BlackMetal+"}
{"ts": 1787177007.5260444, "user": ":=)", "text": "Hint1: *** ******", "context": "+BlackMetal+"}
{"ts": 1787177020.982772, "user": ":=)", "text": "Hint2: **e ***ea*", "context": "+BlackMetal+"}
{"ts": 1787177036.2149525, "user": ":=)", "text": "Hint3: T*e S**ea*", "context": "+BlackMetal+"}
{"ts": 1787177048.9582112, "user": "krotka", "text": "* Maryla Rodowicz - Niech zyje bal (1985) | majasko | 00:05:09 | http://youtu.be/CDNjA_xRW_U", "context": "#polska"}
{"ts": 1787177061.0763195, "user": ":=)", "text": "Q12. What was the English title of the TV crime drama, shown on BBC4 in 2012, set partly in Denmark and partly in Sweden?", "context": "+BlackMetal+"}
{"ts": 1787177061.8751187, "user": ":=)", "text": "Hint1: *** ******", "context": "+BlackMetal+"}
{"ts": 1787177065.1852338, "user": "krotka", "text": "* Ladytron - Ghosts [Official Music Video] | NettwerkMusic | 00:04:18 | http://youtu.be/9yaEwcmrR4Q", "context": "#polska"}
{"ts": 1787177075.6843293, "user": ":=)", "text": "Hint2: T** B*****", "context": "+BlackMetal+"}
{"ts": 1787177080.0630403, "user": "krotka", "text": "* Grimes - Oblivion  | Chicago | July 20, 2014 | A P | 00:05:20 | http://youtu.be/jovv_hQJTp0", "context": "#polska"}
{"ts": 1787177083.2270381, "user": "krotka", "text": "* Maryla Rodowicz - Niech zyje bal (Odnowiony) (Stereo) (Remastered) (2160p) (4K) | Filmy2307 Remastered Music Video to 4K | 00:04:58 | http://youtu.be/TuVfYYiiQvY", "context": "#polska"}
{"ts": 1787177090.4571917, "user": ":=)", "text": "Hint3: T*E B*I**E", "context": "+BlackMetal+"}
{"ts": 1787177118.964211, "user": ":=)", "text": "Q13. BORDERLINE STATES: (Alex: We want you to name the state bordered by the states we name.) Illinois, Iowa, Michigan, Minnesota ?", "context": "+BlackMetal+"}
{"ts": 1787177119.7914696, "user": ":=)", "text": "Hint1: *********", "context": "+BlackMetal+"}
{"ts": 1787177121.3183506, "user": "[K]etaZeE", "text": "⋄ 🎶 Risky Business (1983) - Bill Rutherford ⋄ 🎬 Iamthe80sguy2 ⋄ ⌛ 4:59 ⋄| 👀 100.3K views ⋄ ❤️ 910 likes ⋄ 🗓️ Uploaded Dec 23, 2020 ⋄ 🔗", "context": "#La France"}
{"ts": 1787177133.6773863, "user": ":=)", "text": "Hint2: W********", "context": "+BlackMetal+"}
{"ts": 1787177149.1629462, "user": ":=)", "text": "Hint3: Wi**o**i*", "context": "+BlackMetal+"}
{"ts": 1787177176.8062844, "user": ":=)", "text": "Q14. What links these breeds of dogs: Alpine Spaniel, English White Terrier and St John's Water Dog?", "context": "+BlackMetal+"}
{"ts": 1787177178.378727, "user": ":=)", "text": "Hint1: **** *** *******", "context": "+BlackMetal+"}
{"ts": 1787177191.9210722, "user": ":=)", "text": "Hint2: **E* A*E E**I***", "context": "+BlackMetal+"}
{"ts": 1787177205.4062877, "user": "krotka", "text": "* Ide, albo nie ide + Napisy | Michal Sobocinski | 00:05:12 | http://youtu.be/GVolMTxBR5s", "context": "#polska"}
{"ts": 1787177208.6115758, "user": ":=)", "text": "Hint3: T*E* A*E E**I***", "context": "+BlackMetal+"}
{"ts": 1787177248.4975958, "user": ":=)", "text": "Q15. Music: 80's Tune: Performed By: Survivor?", "context": "+BlackMetal+"}
{"ts": 1787177249.3632095, "user": ":=)", "text": "Hint1: *** ****** ** ****", "context": "+BlackMetal+"}
{"ts": 1787177261.9114792, "user": ":=)", "text": "Hint2: **e *ea*** I* O*e*", "context": "+BlackMetal+"}
{"ts": 1787177277.3071043, "user": ":=)", "text": "Hint3: T*e Sea*** I* O*e*", "context": "+BlackMetal+"}
{"ts": 1787177278.7969062, "user": "[K]etaZeE", "text": "⋄ 🎶 8 Bit version of Flagpole Sitta, a tribute to Harvey Danger ⋄ 🎬 8 Bit Universe ⋄ ⌛ 1:02 ⋄| 👀 143 views ⋄ ❤️ 11 likes ⋄ 🗓️ Uploaded Aug 18, 2026 ⋄ 🔗", "context": "+BlackMetal+"}
{"ts": 1787177282.4232733, "user": "Birex", "text": "está ouvindo: Cappella - Bauhaus (Push The Beat)", "context": "Brasil"}
{"ts": 1787177289.6823082, "user": "krotka", "text": "* RKC Plank | Plank Exercise | Matthew Stevens | 00:01:42 | http://youtu.be/0c1np4dV7ec", "context": "#polska"}
{"ts": 1787177317.5561686, "user": ":=)", "text": "Q16. WE WHISTLE WHILE YOU WORK: This whistle, also called a swanee whistle, modulates its pitch like a trombone ?", "context": "+BlackMetal+"}
{"ts": 1787177318.8093898, "user": ":=)", "text": "Hint1: * ***** *******", "context": "+BlackMetal+"}
{"ts": 1787177320.4081337, "user": "ccookkiiee", "text": "is listening to Nine Inch Nails - As Alive As You Need Me To Be (Arca Remix)", "context": "! ! LGBTQ+ ! !"}
{"ts": 1787177332.586667, "user": ":=)", "text": "Hint2: a **i*e **i***e", "context": "+BlackMetal+"}
{"ts": 1787177340.8596883, "user": "[K]etaZeE", "text": "⋄ 🎶 Lew Kirton - Here's My Love (1983) [Soul-Funk] ⋄ 🎬 KFM85 ⋄ ⌛ 4:12 ⋄| 👀 83 views ⋄ ❤️ 14 likes ⋄ 🗓️ Uploaded Aug 19, 2026 ⋄ 🔗", "context": "#La France"}
{"ts": 1787177345.1231825, "user": "augmental", "text": "gives the finger to em bee", "context": "+BlackMetal+"}
{"ts": 1787177348.4245405, "user": ":=)", "text": "Hint3: a s*i*e w*i***e", "context": "+BlackMetal+"}
{"ts": 1787177388.880221, "user": ":=)", "text": "Q17. COOKING WEIGHTS & MEASURES: It's one itty-bitty branch of an herb plant; one of rosemary is about 3 inches long ?", "context": "+BlackMetal+"}
{"ts": 1787177389.70152, "user": ":=)", "text": "Hint1: * *****", "context": "+BlackMetal+"}
{"ts": 1787177403.814112, "user": ":=)", "text": "Hint2: a ***i*", "context": "+BlackMetal+"}
{"ts": 1787177470.6314414, "user": "thinkcat", "text": "is listening to Jamiroquai - Didjerama", "context": "! ! LGBTQ+ ! !"}
{"ts": 1787177503.5958636, "user": "Birex", "text": "está ouvindo: ICE MC - Take Away The Colour (Remix)", "context": "Brasil"}
{"ts": 1787177693.6798167, "user": "Birex", "text": "está ouvindo: MC Luciano SP - O Sofrimento Foi Embora", "context": "Brasil"}
{"ts": 1787177721.2803307, "user": "[K]etaZeE", "text": "⋄ 🎶 Alcatraz (Michel Legrand - Claude Nougaro) ⋄ 🎬 Balandras Editions ⋄ ⌛ 3:24 ⋄| 👀 18.8K views ⋄ ❤️ 151 likes ⋄ 🗓️ Uploaded Jan 11, 2014 ⋄ 🔗", "context": "#La France"}
{"ts": 1787177898.281741, "user": "augmental", "text": "is listening to Breach - It's Me God", "context": "+BlackMetal+"}
{"ts": 1787177902.7301128, "user": "Birex", "text": "está ouvindo: Vini K. Mouse - Here Comes The Hotstepper", "context": "Brasil"}
{"ts": 1787177938.724893, "user": "augmental", "text": "blows whistle", "context": "+BlackMetal+"}
{"ts": 1787178035.1595626, "user": "orgix", "text": "wit", "context": "#polska"}
{"ts": 1787178048.6606207, "user": "augmental", "text": "grabs onto orgs homemade tshirt", "context": "+BlackMetal+"}
{"ts": 1787178049.9044623, "user": "krotka", "text": "* THE ICARUS LINE  - EL SERENO - ALL THINGS UNDER HEAVEN | JOE CARDAMONE | 00:07:36 | http://youtu.be/QPG6i7WwsbM", "context": "#polska"}
{"ts": 1787178146.793715, "user": "Birex", "text": "está ouvindo: Vic Palminteri - I Want You", "context": "Brasil"}
{"ts": 1787178157.3243206, "user": "ccookkiiee", "text": "is listening to Sega Bodega feat. Arca - Cicada", "context": "! ! LGBTQ+ ! !"}
{"ts": 1787178174.152072, "user": "krotka", "text": "* Ministry - N.W.O.  (New World Order) | Ssyco Sky Watcher | 00:05:31 | http://youtu.be/9ygsixNsPSc", "context": "#polska"}
{"ts": 1787178175.795431, "user": "krotka", "text": "* The giant wood moth, found commonly in Brisbane. #moths #insects | Born in 1970 | 00:00:16 | http://youtu.be/KIRj0kVQ0Dc", "context": "#polska"}
{"ts": 1787178191.8144453, "user": "[K]etaZeE", "text": "⋄ 🎶 The giant wood moth, found commonly in Brisbane. #moths #insects ⋄ 🎬 Born in 1970 ⋄ ⌛ 0:16 ⋄| 👀 29.0K views ⋄ ❤️ 430 likes ⋄ 🗓️ Uploaded Dec 20, 2023 ⋄ 🔗", "context": "#La France"}
{"ts": 1787178206.3117387, "user": "krotka", "text": "* Ministry - Filth Pig | Ministry | 00:06:20 | http://youtu.be/ZhhumtFhtqs", "context": "#polska"}
{"ts": 1787178346.4206579, "user": "augmental", "text": "slaps head", "context": "+BlackMetal+"}
{"ts": 1787178362.952736, "user": "Birex", "text": "está ouvindo: Loud - There It Is", "context": "Brasil"}
{"ts": 1787178378.4684017, "user": "[K]etaZeE", "text": "⋄ 🎶 Kery James - ARTE Dans le Club  - ARTE Concert ⋄ 🎬 ARTE Concert ⋄ ⌛ 42:18 ⋄| 👀 220.8K views ⋄ ❤️ 6.5K likes ⋄ 🗓️ Uploaded Dec 5, 2025 ⋄ 🔗", "context": "#La France"}
{"ts": 1787178540.3588479, "user": "[K]etaZeE", "text": "⋄ 🎶 Rencontre avec Olivier Grall, le patron du synthé en France ⋄ 🎬 Audiofanzine ⋄ ⌛ 48:22 ⋄| 👀 47.8K views ⋄ ❤️ 1.3K likes ⋄ 🗓️ Uploaded Apr 16, 2024 ⋄ 🔗", "context": "#La France"}
{"ts": 1787178641.9431772, "user": "Birex", "text": "está ouvindo: Selena Gomez - Ring", "context": "Brasil"}
{"ts": 1787178753.0332553, "user": "[K]etaZeE", "text": "⋄ 🎶 GET BACK TAKE 1 | THE BEATLES ROOFTOP CONCERT ⋄ 🎬 jose navea ⋄ ⌛ 3:21 ⋄| 👀 4.0M views ⋄ ❤️ 37.5K likes ⋄ 🗓️ Uploaded Mar 31, 2023 ⋄ 🔗", "context": "#La France"}
{"ts": 1787178907.5136247, "user": "penguin", "text": "eats a golden delicious apple", "context": "^ILLUMINATI^awareness"}
{"ts": 1787178921.4156973, "user": "Skaarj", "text": "np: Laquer Head - Primus - Antipop", "context": "+BlackMetal+"}
{"ts": 1787178943.141078, "user": ":=)", "text": "* Dead Rising OST - Gone Guru | 5:13 | 18,663 likes | 2,233,356 views | 17 years ago", "context": "+BlackMetal+"}
{"ts": 1787178946.4256036, "user": "[K]etaZeE", "text": "⋄ 🎶 Dead Rising OST - Gone Guru ⋄ 🎬 ChrisVentriloquism ⋄ ⌛ 5:13 ⋄| 👀 2.2M views ⋄ ❤️ 18.7K likes ⋄ 🗓️ Uploaded Jun 13, 2009 ⋄ 🔗", "context": "+BlackMetal+"}
{"ts": 1787179008.8778677, "user": "Birex", "text": "está ouvindo: Celine Dion - Make You Happy", "context": "Brasil"}
{"ts": 1787179037.7000563, "user": "augmental", "text": "blows whistle", "context": "+BlackMetal+"}
{"ts": 1787179280.5743568, "user": "Birex", "text": "está ouvindo: TH Express - Runaway Train", "context": "Brasil"}
{"ts": 1787179414.872981, "user": ":=)", "text": "* Pocket Pasta #mma #martialarts #muaythai #boxing #ufc | 0:07 | 343 likes | 32,982 views | 1 day ago", "context": "+BlackMetal+"}
{"ts": 1787179418.440879, "user": "[K]etaZeE", "text": "⋄ 🎶 Pocket Pasta #mma #martialarts #muaythai #boxing #ufc ⋄ 🎬 TrainingToKickYourAss ⋄ ⌛ 0:07 ⋄| 👀 33.0K views ⋄ ❤️ 343 likes ⋄ 🗓️ Uploaded Aug 18, 2026 ⋄ 🔗", "context": "+BlackMetal+"}
{"ts": 1787179567.535594, "user": "tantbot", "text": "| quote added! 964 kip quotes now in Alcohol", "context": "Alcohol"}
{"ts": 1787179570.9321675, "user": "Birex", "text": "está ouvindo: Sheila - One Head Light", "context": "Brasil"}
{"ts": 1787179659.042243, "user": ":=)", "text": "* Vice Versa Television Movie Trailer (1988) | 0:31 | 3 likes | 576 views | 1 year ago", "context": "+BlackMetal+"}
{"ts": 1787179662.4996, "user": "[K]etaZeE", "text": "⋄ 🎶 Vice Versa Television Movie Trailer (1988) ⋄ 🎬 Third Quarter Run ⋄ ⌛ 0:31 ⋄| 👀 576 views ⋄ ❤️ 3 likes ⋄ 🗓️ Uploaded Jun 1, 2025 ⋄ 🔗", "context": "+BlackMetal+"}
{"ts": 1787179827.958025, "user": "tantbot", "text": "| The Wedding Singer \"I dont wanna marry you\"", "context": "Alcohol"}
{"ts": 1787179829.2209368, "user": "botto", "text": "| https://youtu.be/bMeQSk4pB5M [2:19]", "context": "Alcohol"}
{"ts": 1787179847.1113472, "user": "Birex", "text": "está ouvindo: Richard Clayderman - Beyond The Sea", "context": "Brasil"}
{"ts": 1787179910.788946, "user": "tantbot", "text": "| quote added! 965 kip quotes now in Alcohol", "context": "Alcohol"}
{"ts": 1787179924.9631965, "user": "tantbot", "text": "| quote added! 966 kip quotes now in Alcohol", "context": "Alcohol"}
{"ts": 1787179933.949718, "user": "tantbot", "text": "| quote added! 967 kip quotes now in Alcohol", "context": "Alcohol"}
{"ts": 1787179940.6015306, "user": "tantbot", "text": "| quote added! 968 kip quotes now in Alcohol", "context": "Alcohol"}
{"ts": 1787179946.2671785, "user": "tantbot", "text": "| quote added! 969 kip quotes now in Alcohol", "context": "Alcohol"}
{"ts": 1787179957.1765497, "user": "tantbot", "text": "| quote added! 970 kip quotes now in Alcohol", "context": "Alcohol"}
{"ts": 1787179960.8909783, "user": "ccookkiiee", "text": "hops on rapideyemold's back", "context": "! ! LGBTQ+ ! !"}
{"ts": 1787179966.5982783, "user": "tantbot", "text": "| quote added! 971 kip quotes now in Alcohol", "context": "Alcohol"}
{"ts": 1787179986.6488526, "user": "tantbot", "text": "| Elvis Presley - (You're The) Devil in Disguise (Official Audio)", "context": "Alcohol"}
{"ts": 1787179988.6062865, "user": "tantbot", "text": "| https://youtu.be/emjLXdsj6xA [2:21]", "context": "Alcohol"}
{"ts": 1787180033.1765695, "user": "tantbot", "text": "| quote added! 972 kip quotes now in Alcohol", "context": "Alcohol"}
{"ts": 1787180036.8979976, "user": "Birex", "text": "está ouvindo: Cappella - I Need Your Love", "context": "Brasil"}
{"ts": 1787180097.7964444, "user": "tantbot", "text": "| Waiting for the Sun", "context": "Alcohol"}
{"ts": 1787180099.8180747, "user": "tantbot", "text": "| https://youtu.be/VUI-ELCdjxo [3:59]", "context": "Alcohol"}
{"ts": 1787180118.9147344, "user": "tantbot", "text": "| quote added! 973 kip quotes now in Alcohol", "context": "Alcohol"}
{"ts": 1787180125.6933622, "user": "tantbot", "text": "| you too", "context": "Alcohol"}
{"ts": 1787180162.3833046, "user": "tantbot", "text": "| quote added! 974 kip quotes now in Alcohol", "context": "Alcohol"}
{"ts": 1787180223.460437, "user": "[K]etaZeE", "text": "⋄ 🎶 Aphex Twin - Come To Daddy (Director's Cut) ⋄ 🎬 Aphex Twin ⋄ ⌛ 6:06 ⋄| 👀 9.0M views ⋄ ❤️ 155.2K likes ⋄ 🗓️ Uploaded Nov 24, 2018 ⋄ 🔗", "context": "indie"}
{"ts": 1787180233.2309186, "user": "Birex", "text": "está ouvindo: Booker Newberry III - Love Town", "context": "Brasil"}
{"ts": 1787180546.50266, "user": "Birex", "text": "está ouvindo: Sandra - Process (Extended Mix)", "context": "Brasil"}
{"ts": 1787180728.9179661, "user": "[K]etaZeE", "text": "⋄ 🎶 Night By Night ⋄ 🎬 Steely Dan - Topic ⋄ ⌛ 3:39 ⋄| 👀 1.6M views ⋄ ❤️ 12.4K likes ⋄ 🗓️ Uploaded Jul 30, 2018 ⋄ 🔗", "context": "#La France"}
{"ts": 1787180789.534619, "user": "[K]etaZeE", "text": "⋄ 🎶 Salut manouche ⋄ 🎬 Renaud - Topic ⋄ ⌛ 4:13 ⋄| 👀 1.5M views ⋄ ❤️ 6.7K likes ⋄ 🗓️ Uploaded Jul 30, 2018 ⋄ 🔗", "context": "#La France"}
{"ts": 1787180873.511372, "user": "Birex", "text": "está ouvindo: The Cure - Lullaby", "context": "Brasil"}
{"ts": 1787180885.9458787, "user": "UAP UFO SLSK EXPERT", "text": "got a good ass", "context": "+BlackMetal+"}
{"ts": 1787181037.3499007, "user": "tantbot", "text": "| quote added! 975 kip quotes now in Alcohol", "context": "Alcohol"}
{"ts": 1787181039.4448133, "user": ":=)", "text": "* Summrs - Can't Slime Me (Prod. Goyxrd & Wangi) | 1:53 | 2,725 likes | 86,551 views | 2 years ago", "context": "+BlackMetal+"}
{"ts": 1787181041.312741, "user": "[K]etaZeE", "text": "⋄ 🎶 Summrs - Can't Slime Me (Prod. Goyxrd & Wangi) ⋄ 🎬 OKRenji ⋄ ⌛ 1:53 ⋄| 👀 86.6K views ⋄ ❤️ 2.7K likes ⋄ 🗓️ Uploaded Feb 15, 2024 ⋄ 🔗", "context": "+BlackMetal+"}
{"ts": 1787181120.2804105, "user": "Birex", "text": "está ouvindo: JK - My Radio", "context": "Brasil"}
{"ts": 1787181204.988, "user": "Keanu Depp Pitt", "text": "stares at his empty bowl  :3", "context": ":3"}
{"ts": 1787181259.5278356, "user": "[K]etaZeE", "text": "⋄ 🎶 Chameleon ⋄ 🎬 Herbie Hancock - Topic ⋄ ⌛ 15:42 ⋄| 👀 7.8M views ⋄ ❤️ 113.7K likes ⋄ 🗓️ Uploaded Feb 13, 2015 ⋄ 🔗", "context": "#La France"}
{"ts": 1787181368.9171255, "user": "Birex", "text": "está ouvindo: Paradisio - Samba Del Diablo (Original Radio)", "context": "Brasil"}
{"ts": 1787181378.4930668, "user": "[K]etaZeE", "text": "⋄ 🎶 Re Bop ⋄ 🎬 Marie et les Garçons - Topic ⋄ ⌛ 2:43 ⋄| 👀 13.5K views ⋄ ❤️ 253 likes ⋄ 🗓️ Uploaded Nov 6, 2014 ⋄ 🔗", "context": "#La France"}
{"ts": 1787181450.016485, "user": "[K]etaZeE", "text": "⋄ 🎶 Desire - Till You Love Me (Prod. Ucondrew) ⋄ 🎬 OKRenji ⋄ ⌛ 2:04 ⋄| 👀 861 views ⋄ ❤️ 67 likes ⋄ 🗓️ Uploaded Jul 19, 2026 ⋄ 🔗", "context": "+BlackMetal+"}
{"ts": 1787181560.697095, "user": "Birex", "text": "está ouvindo: Beat Nouveau - Lady", "context": "Brasil"}
{"ts": 1787181645.4884486, "user": "krotka", "text": "* Rainbow Tribe - Cupit (CLASSIC 1994) | WATCHINGYOURTV | 00:06:09 | http://youtu.be/q0sfTRKztbQ", "context": "#polska"}
{"ts": 1787181739.248209, "user": "[K]etaZeE", "text": "⋄ 🎶 They Live - Roddy Piper Massacres Rich People & Chews Bubblegum ⋄ 🎬 Space Ice ⋄ ⌛ 11:55 ⋄| 👀 81.6K views ⋄ ❤️ 6.1K likes ⋄ 🗓️ Uploaded Jul 28, 2026 ⋄ 🔗", "context": "+BlackMetal+"}
{"ts": 1787181759.0478823, "user": "augmental", "text": "leaves for awhile", "context": "+BlackMetal+"}
{"ts": 1787181767.629673, "user": "Birex", "text": "está ouvindo: Gottsha - No One To Answer (Extended Mix)", "context": "Brasil"}
{"ts": 1787181778.4754825, "user": "tantbot", "text": "| paul orndorff wins by delivering a devastating piledriver on the marble lobby floor—little orphan nanny never stood a chance against mr. wonderful's wrestling pedigree and hometown crowd advantage at the waldorf.", "context": "Alcohol"}
{"ts": 1787181866.6771326, "user": "krotka", "text": "* Sneak'n Peek for the Atari 2600 | Highretrogamelord | 00:03:56 | http://youtu.be/WZsCDIfyh6A", "context": "#polska"}
{"ts": 1787182086.3351603, "user": "Birex", "text": "está ouvindo: David Fascher Feat. Mr. Freeman - Jingo's Theme", "context": "Brasil"}
{"ts": 1787182167.766584, "user": "UAP UFO SLSK EXPERT", "text": "handsome devil", "context": "+BlackMetal+"}
{"ts": 1787182179.1840582, "user": "tantbot", "text": "| chris koscheck wins by takedown and ground-and-pound in the frozen foods aisle. costner tries to negotiate a peaceful resolution like it's dances with wolves, but mma training beats hollywood charm every time. the costa rican costco shoppers cheer.", "context": "Alcohol"}
{"ts": 1787182221.2793162, "user": "Keanu Depp Pitt", "text": "dances with wolves!  :3", "context": ":3"}
{"ts": 1787182316.1588547, "user": "Birex", "text": "está ouvindo: Biquini Cavadão - Daniela", "context": "Brasil"}
{"ts": 1787182490.6693714, "user": "Birex", "text": "está ouvindo: Magic Box - Sorry Marin", "context": "Brasil"}
{"ts": 1787182701.1242115, "user": "Birex", "text": "está ouvindo: Bass Bumpers - Move To The Rhythm (Huzzle Mix)", "context": "Brasil"}
{"ts": 1787183065.7264442, "user": "Birex", "text": "está ouvindo: Tiko's Groove Feat. Gosha - I Don't Know What To Do", "context": "Brasil"}
{"ts": 1787183162.7881157, "user": "augmental", "text": "tips hat", "context": "+BlackMetal+"}
{"ts": 1787183287.531069, "user": "Birex", "text": "está ouvindo: 10,000 Maniacs - Peace Train", "context": "Brasil"}
{"ts": 1787183494.5294018, "user": "theus", "text": "listening: Madonna - Wash All Over Me [Rebel Heart]", "context": "/mu/"}
{"ts": 1787183496.2635489, "user": "Birex", "text": "está ouvindo: Energy - Take Me Higher", "context": "Brasil"}
{"ts": 1787183501.762856, "user": "theus", "text": "listening: Madonna - Wash All Over Me [Rebel Heart]", "context": "nicotine"}
{"ts": 1787183507.199647, "user": "theus", "text": "listening: Madonna - Wash All Over Me [Rebel Heart]", "context": "! ! LGBTQ+ ! !"}
{"ts": 1787183508.7643995, "user": "theus", "text": "listening: Madonna - Wash All Over Me [Rebel Heart]", "context": "Brasil"}
